fundos,setor,preco,liquidez_diaria,p_sobre_vp,ultimo_dividendo,dividend_yield,dy_12m_acumulado,dy_12m_media,dy_year,variacao_preco,rent_periodo,rent_acumulada,patrimonio_liq,vpa,p_sobre_vpa,dy_patrimonial,variação_patrimonial,rentab_patr_periodo,rentab_patr_acumulada,vacancia_fisica,vacancia_financeira,quant_ativos
AAZQ11,Indefinido,9.35,815428.21,1.01,0.12,0.0128,0.0954,0.0159,0.0954,-0.034,-0.0216,0.0544,230646828.88,9.6,9.7,0.0146,0.0,0.0,0.0,0.0,0.0,0
ABCP11,Shoppings,72.25,48644.67,0.79,0.5,0.007,0.0889,0.0074,0.0514,0.0048,0.0118,0.0227,432162687.0,91.82,7.9,0.0065,-0.0018,0.0047,0.0712,0.0,0.0,1
AFHI11,Papéis,96.8,1578741.03,1.01,1.05,0.0107,0.1308,0.0109,0.0787,-0.0089,0.0017,0.0918,290388018.85,94.82,10.2,0.0101,-0.0094,0.0006,0.05,0.0,0.0,0
AGRX11,Outros,10.58,362002.67,0.0,0.12,0.0108,0.1578,0.0143,0.1055,-0.0245,-0.014,0.2057,0.0,0.0,0.0,0.0,0.0,0.0,0.0,0.0,0.0,0
AIEC11,Lajes Corporativas,71.79,659991.79,0.76,0.76,0.0106,0.1313,0.0109,0.0737,0.0102,0.0209,0.1089,456469305.49,102.56,7.0,0.0073,0.0024,0.0098,0.094,0.0,0.0,2
ALMI11,Lajes Corporativas,755.0,74698.75,0.37,0.37,0.0,0.0,0.0,0.0,0.0,0.0,0.0,225487777.2,2046.78,3.7,0.0,-0.0005,-0.0005,0.009,0.0,0.0,1
ALZM11,Fundo de Fundos,92.09,86000.82,1.0,0.71,0.0076,0.1257,0.0105,0.0661,0.0068,0.0144,0.1541,63907856.47,100.5,9.2,0.0107,0.0233,0.0343,0.0823,0.0,0.0,0
ALZR11,Misto,116.18,2767997.06,1.09,0.83,0.007,0.124,0.0103,0.0431,0.0288,0.036,0.0777,1051986451.99,106.94,10.9,0.0068,-0.0003,0.0065,0.0726,0.0,0.0,13
APTO11,Imóveis Residenciais,9.91,52937.91,0.94,0.1,0.0101,0.1359,0.0113,0.0809,-0.002,0.0081,0.224,42128729.72,9.97,9.9,0.01,-0.0078,0.0022,0.1314,0.0,0.0,5
ARCT11,Imóveis Industriais e Logísticos,87.13,1053903.45,0.87,0.5,0.0,0.1255,0.0105,0.0,0.0,0.0,0.0,371534654.03,99.77,8.7,0.0076,0.0004,0.008,0.0631,0.0,0.0,9
ARRI11,Papéis,9.0,215871.15,1.0,0.1,0.0108,0.1499,0.0125,0.0827,0.0392,0.0504,0.0845,117319779.19,9.1,9.9,0.0143,-0.0215,-0.0075,-0.8887,0.0,0.0,0
ASMT11,Lajes Corporativas,49.29,7095.97,0.58,0.77,0.0111,0.115,0.0096,0.0111,-0.055,-0.0446,-0.0446,85749077.74,0.0,0.0,0.0,0.0,0.0,0.0,0.0,0.0,3
ATSA11,Shoppings,60.0,1843.36,0.74,0.05,0.0,0.0099,0.0008,0.0007,0.0,0.0,0.0,142863612.9,90.48,6.6,0.0006,0.0017,0.0022,0.0083,0.0,0.0,1
AURB11,Imóveis Comerciais - Outros,0.0,0.0,0.0,0.4,0.0,0.0,0.0,0.0,0.0,0.0,0.0,73726402.66,0.0,0.0,0.0,0.0,0.0,0.0,0.0,0.0,2
BARI11,Papéis,87.63,680024.55,0.9,0.9,0.0101,0.1269,0.0106,0.0756,0.0469,0.0575,0.0978,450028367.25,99.63,8.8,0.009,-0.007,0.0019,0.0818,0.0,0.0,0
BBFI11B,Lajes Corporativas,1015.2,171639.24,0.47,6.21,0.0055,0.1456,0.0121,0.0775,-0.0171,-0.0117,-0.3881,279185668.89,2854.8,3.6,0.0093,0.0012,0.0106,0.0606,0.0,0.0,3
BBFO11,Fundo de Fundos,74.92,264155.0,0.91,0.7,0.0092,0.1185,0.0099,0.0731,0.0384,0.0479,0.2198,329004492.49,82.36,9.1,0.0073,-0.0419,-0.0349,0.0475,0.0,0.0,0
BBGO11,Indefinido,92.14,430869.03,0.84,1.01,0.0108,0.1474,0.0123,0.0969,0.0354,0.0465,0.2588,392550389.63,98.01,9.4,0.0104,0.0008,0.0112,0.0931,0.0,0.0,0
BBIM11,Papéis,0.0,0.0,0.0,0.1,0.0,0.0,0.0,0.0,0.0,0.0,0.0,32087366.67,30.36,0.0,0.0142,-0.0238,-0.01,-0.3031,0.0,0.0,0
BBPO11,Agências de Bancos,97.5,1602931.33,0.98,0.9,0.0091,0.1211,0.0101,0.07,-0.0029,0.0061,0.2373,1588185145.13,100.37,9.7,0.0092,0.0006,0.0098,0.1585,0.0,0.0,63
BBRC11,Agências de Bancos,112.0,139828.45,1.04,1.13,0.0103,0.1229,0.0102,0.0739,0.0468,0.0576,0.1828,171950165.41,106.62,10.5,0.0093,-0.0009,0.0084,0.093,0.0,0.0,20
BCFF11,Fundo de Fundos,75.15,2777661.97,0.99,0.56,0.0074,0.0981,0.0082,0.0581,0.0519,0.0597,0.2225,1915103196.86,75.57,9.9,0.0074,-0.0303,-0.0231,0.013,0.0,0.0,0
BCIA11,Fundo de Fundos,101.79,633086.36,0.92,0.82,0.0077,0.1044,0.0087,0.0623,0.0771,0.0854,0.327,409523791.73,101.16,10.1,0.0075,-0.0566,-0.0495,0.0465,0.0,0.0,0
BCRI11,Papéis,71.14,686586.42,0.72,0.69,0.009,0.1216,0.0101,0.068,-0.0435,-0.0349,-0.1433,619928797.11,100.74,7.1,0.0099,-0.0093,0.0005,0.0621,0.0,0.0,0
BDIF11,Fundo de Desenvolvimento,93.01,1327459.7,0.0,1.25,0.0134,0.1647,0.0137,0.076,0.0387,0.0526,0.1449,0.0,0.0,0.0,0.0,0.0,0.0,0.0,0.0,0.0,0
BICE11,Fundo de Fundos,1000.0,561471.0,1.01,7.79,0.0078,0.0363,0.003,0.0309,0.0108,0.0187,0.0187,89018475.76,1017.8,9.8,0.0157,0.0506,0.0671,0.0819,0.0,0.0,0
BICR11,Papéis,96.33,893.0,0.95,0.66,0.0,0.07,0.0058,0.034,0.0,0.0,0.0,50897643.19,99.22,9.7,0.0111,-0.0164,-0.0055,0.0867,0.0,0.0,0
BIDB11,Fundo de Desenvolvimento,88.38,198970.12,0.0,0.51,0.0058,0.1137,0.0095,0.0721,-0.017,-0.0113,0.078,0.0,0.0,0.0,0.0,0.0,0.0,0.0,0.0,0.0,0
BIME11,Indefinido,7.55,61632.85,0.86,0.08,0.0102,0.1232,0.0103,0.0796,-0.0025,0.0076,0.1091,51644433.24,9.01,8.4,0.0067,-0.0071,-0.0005,0.0611,0.0,0.0,2
BIPD11,Indefinido,0.0,0.0,0.0,10.38,0.0,0.0,0.0,0.0,0.0,0.0,0.0,48311723.3,0.0,0.0,0.0,0.0,0.0,0.0,0.0,0.0,0
BLCA11,Indefinido,132.0,1920.64,0.97,0.57,0.0,0.0228,0.0019,0.0104,0.0,0.0,0.0,218094085.09,89.26,14.8,0.0063,-0.0032,0.0031,-0.1247,0.0,0.0,1
BLCP11,Imóveis Industriais e Logísticos,91.0,103127.5,0.81,0.56,0.0063,0.0492,0.0041,0.0364,0.0,0.0,0.0,256580339.9,111.74,8.1,0.005,-0.0002,0.0049,0.1581,0.0,0.0,2
BLMC11,Papéis,81.24,6172.41,0.82,0.79,0.0094,0.1264,0.0105,0.0781,0.0304,0.0401,0.1476,39473511.07,96.52,8.4,0.0069,-0.0169,-0.0101,0.0281,0.0,0.0,0
BLMG11,Imóveis Industriais e Logísticos,66.25,529323.82,0.76,0.7,0.0103,0.1259,0.0105,0.0776,-0.0004,0.0099,-0.0504,332953514.57,91.33,7.3,0.0088,-0.0257,-0.0172,-0.0152,0.0,0.0,1
BLMO11,Lajes Corporativas,20538.0,20538.0,0.61,100.0,0.0,0.0,0.0,0.0,0.0,0.0,0.0,126873438.15,29561.52,6.9,0.0009,0.0022,0.0031,0.1359,0.0,0.0,1
BLMR11,Fundo de Fundos,7.35,387803.82,0.91,0.06,0.008,0.1139,0.0095,0.0654,0.0575,0.066,0.1612,205260921.23,7.82,9.4,0.0095,-0.0566,-0.0477,0.0305,0.0,0.0,0
BLUR11,Papéis,100.5,4269.94,1.05,1.03,0.0102,0.0518,0.0043,0.0213,0.0,0.0,0.0,8625825.8,0.0,0.0,0.0,0.0,0.0,0.0,0.0,0.0,0
BMLC11,Lajes Corporativas,105.1,33293.88,0.95,0.76,0.0073,0.1177,0.0098,0.0772,0.0062,0.0135,0.123,110597064.89,109.14,9.6,0.0081,-0.0005,0.0076,0.041,0.0,0.0,2
BNFS11,Agências de Bancos,120.0,108015.67,1.31,1.53,0.0125,0.1465,0.0122,0.0855,0.0316,0.0445,0.0836,64201180.17,99.22,12.1,0.0155,-0.0003,0.0151,0.1372,0.0,0.0,18
BODB11,Indefinido,9.68,582568.61,0.0,0.11,0.0109,0.1297,0.0108,0.0898,-0.0081,0.0027,0.1377,0.0,0.0,0.0,0.0,0.0,0.0,0.0,0.0,0.0,0
BPFF11,Fundo de Fundos,72.66,269957.12,0.94,0.62,0.0085,0.1149,0.0096,0.0669,0.0465,0.0554,0.2189,348987341.99,74.28,9.8,0.0083,-0.051,-0.0431,0.0318,0.0,0.0,0
BPLC11,Misto,0.0,0.0,0.0,14.42,0.0,0.0,0.0,0.0,0.0,0.0,0.0,316523797.6,0.0,0.0,0.0,0.0,0.0,0.0,0.0,0.0,1
BPML11,Shoppings,66.06,101565.09,0.5,0.27,0.0046,0.0534,0.0045,0.0046,-0.0591,-0.0548,-0.0548,570031097.18,123.89,5.3,0.0024,0.0023,0.0047,0.0003,0.0,0.0,4
BPRP11,Imóveis Industriais e Logísticos,109.14,6671.0,1.0,0.9,0.0,0.0441,0.0037,0.0269,0.0,0.0,0.0,147336358.3,0.0,0.0,0.0,0.0,0.0,0.0,0.0,0.0,1
BRCO11,Imóveis Industriais e Logísticos,121.66,3415061.3,1.01,0.87,0.0072,0.08,0.0067,0.0535,0.0349,0.0424,0.2942,1774186566.11,121.55,10.0,0.0058,0.0201,0.026,0.0831,0.0,0.0,11
BRCR11,Lajes Corporativas,66.98,1896011.58,0.67,0.45,0.0067,0.0906,0.0076,0.0537,-0.0509,-0.0445,0.1689,2680391457.42,100.35,6.7,0.005,0.0015,0.0065,-0.0163,0.0,0.0,9
BREV11,Lajes Corporativas,104.6,90424.2,0.89,0.57,0.0054,0.109,0.0091,0.0873,0.0467,0.0524,0.1436,113324811.52,110.17,9.5,0.0068,-0.0012,0.0056,0.0659,0.0,0.0,13
BRIM11,Fundo de Desenvolvimento,1030.22,1020.4,0.89,8.5,0.0,0.0141,0.0012,0.0,0.0,0.0,0.0,143097842.63,0.0,0.0,0.0,0.0,0.0,0.0,0.0,0.0,1
BRIP11,Fundo de Desenvolvimento,950.01,1583.33,0.81,6.03,0.0,0.096,0.048,0.096,0.0,0.0,0.0,254255052.75,0.0,0.0,0.0,0.0,0.0,0.0,0.0,0.0,10
BRLA11,Imóveis Industriais e Logísticos,163.5,155343.0,1.05,1.43,0.0087,0.0455,0.0038,0.023,0.0,0.0,0.0,490884258.63,157.77,10.4,0.0069,0.0004,0.0074,-0.0863,0.0,0.0,6
BROF11,Lajes Corporativas,69.39,984591.12,0.65,0.72,0.0104,0.0285,0.0143,0.0285,-0.0098,0.0005,0.1633,1232737612.03,0.0,0.0,0.0,0.0,0.0,0.0,0.0,0.0,2
BTAG11,Indefinido,92.8,561141.58,0.0,1.35,0.0144,0.1676,0.014,0.1001,-0.0069,0.0074,0.1082,0.0,0.0,0.0,0.0,0.0,0.0,0.0,0.0,0.0,0
BTAL11,Imóveis Industriais e Logísticos,92.78,995487.88,0.89,0.73,0.0075,0.1039,0.0087,0.0522,0.0189,0.0266,0.0805,626301203.94,105.89,8.8,0.0078,-0.0043,0.0035,0.0841,0.0,0.0,9
BTCI11,Papéis,9.54,2156509.48,0.93,0.1,0.0107,0.1055,0.0088,0.0797,-0.0125,-0.0019,0.1453,1026113003.02,0.0,0.0,0.0,0.0,0.0,0.0,0.0,0.0,0
BTCR11,Papéis,88.0,652774.65,0.92,0.9,0.0098,0.1352,0.0113,0.1155,-0.0596,-0.0504,0.1114,458252683.73,95.27,9.2,0.0094,0.0064,0.0159,0.0462,0.0,0.0,0
BTLG11,Imóveis Industriais e Logísticos,102.48,7639803.76,1.04,0.76,0.0074,0.0897,0.0075,0.0529,-0.0101,-0.0028,0.1015,2069085844.76,99.19,10.3,0.0075,0.0009,0.0084,0.0482,0.0,0.0,20
BTRA11,Indefinido,75.83,726044.36,0.64,0.56,0.0066,0.1139,0.0095,0.0593,0.0363,0.0431,0.0576,399327198.8,103.62,7.3,0.0082,0.0053,0.0136,0.0571,0.0,0.0,6
BTSG11,Imóveis Industriais e Logísticos,139.08,1302.83,1.01,0.92,0.0,0.0173,0.0014,0.0173,0.0,0.0,0.0,106748954.7,133.34,10.4,0.0065,0.0,0.0065,0.0602,0.0,0.0,1
BTSI11,Misto,105.0,1143835.25,0.86,0.72,0.0,0.0,0.0,0.0,0.0,0.0,0.0,257872154.2,0.0,0.0,0.0,0.0,0.0,0.0,0.0,0.0,2
BTWR11,Fundo de Desenvolvimento,107.0,428.0,0.95,0.4,0.0,0.0,0.0,0.0,0.0,0.0,0.0,91109610.9,111.9,9.6,0.0038,0.0023,0.0061,0.0724,0.0,0.0,1
BZEL11,Misto,0.0,0.0,0.0,0.08,0.0,0.0,0.0,0.0,0.0,0.0,0.0,415484356.02,0.0,0.0,0.0,0.0,0.0,0.0,0.0,0.0,0
CACR11,Papéis,105.0,655596.27,1.01,1.42,0.0131,0.1703,0.0142,0.0973,0.0238,0.0372,0.1471,187896974.12,103.41,10.2,0.0137,-0.0005,0.0132,0.3755,0.0,0.0,0
CARE11,Misto,1.96,12557.45,0.24,0.01,0.0023,0.0292,0.0032,0.0136,-0.0263,-0.0241,-0.0739,297789759.05,1.6,12.2,0.001,-0.0024,-0.0014,0.0356,0.0,0.0,1
CBOP11,Lajes Corporativas,34.71,11356.88,0.47,0.12,0.0033,0.0772,0.0064,0.0216,-0.0222,-0.0189,-0.2851,104448529.07,74.79,4.6,0.0066,-0.006,0.0005,-0.1106,0.0,0.0,1
CCME11,Indefinido,110.01,708.85,1.08,0.9,0.0,0.0166,0.0018,0.0,0.0,0.0,0.0,306207445.44,0.0,0.0,0.0,0.0,0.0,0.0,0.0,0.0,1
CCRF11,Papéis,93.98,6132.14,0.94,1.65,0.019,0.0964,0.008,0.063,0.0433,0.0631,0.0625,156809423.96,96.46,9.7,0.0057,-0.0187,-0.0131,0.0272,0.0,0.0,0
CDII11,Indefinido,105.63,765278.36,0.0,2.96,0.0275,0.0572,0.0286,0.0572,0.0122,0.0401,0.0741,0.0,0.0,0.0,0.0,0.0,0.0,0.0,0.0,0.0,0
CEOC11,Lajes Corporativas,49.4,103982.27,0.63,0.65,0.0102,0.1243,0.0104,0.0796,-0.0079,0.0022,0.2837,142332217.7,89.76,5.5,0.0055,-0.0008,0.0048,0.031,0.0,0.0,1
CFHI11,Fundo de Desenvolvimento,0.0,0.0,0.0,36.51,0.0,0.0,0.0,0.0,0.0,0.0,0.0,60628934.77,0.0,0.0,0.0,0.0,0.0,0.0,0.0,0.0,2
CJCT11,Lajes Corporativas,65.5,26894.03,0.99,0.08,0.0012,0.2512,0.0209,0.2033,0.0317,0.033,0.4505,207788940.35,57.9,11.3,0.0,0.0058,0.0058,0.0058,0.0,0.0,1
CNES11,Lajes Corporativas,29.49,8498.22,0.32,0.09,0.0031,0.0417,0.0035,0.0195,-0.0103,-0.0072,-0.0796,267720200.96,89.5,3.3,0.0012,0.0257,0.027,0.0426,0.0,0.0,1
CORM11,Lajes Corporativas,0.0,0.0,0.0,0.77,0.009,0.1138,0.0095,0.062,-0.0297,-0.021,-0.0427,0.0,90.56,0.0,0.0089,-0.0233,-0.0145,0.0021,0.0,0.0,0
CPFF11,Fundo de Fundos,77.69,393009.58,0.94,0.7,0.0092,0.0945,0.0079,0.0516,0.0166,0.0259,0.2387,211129091.91,78.73,9.9,0.0076,-0.0256,-0.0182,0.0671,0.0,0.0,0
CPTI11,Fundo de Desenvolvimento,101.76,610539.3,0.0,1.1,0.0108,0.1209,0.0101,0.0695,0.0176,0.0286,0.111,0.0,0.0,0.0,0.0,0.0,0.0,0.0,0.0,0.0,0
CPTR11,Indefinido,96.11,1872515.06,0.97,1.2,0.0122,0.1694,0.0141,0.0973,0.0082,0.0205,0.0957,407099622.5,98.38,9.8,0.0137,-0.0031,0.0106,0.025,0.0,0.0,0
CPTS11,Papéis,86.53,6020982.45,0.95,0.89,0.0101,0.1141,0.0095,0.0696,0.0061,0.0162,0.1625,2890161525.97,89.93,9.6,0.0041,-0.0183,-0.0142,0.0166,0.0,0.0,0
CRAA11,Indefinido,102.46,224208.33,1.01,1.25,0.0121,0.0718,0.018,0.0718,-0.0053,0.0068,0.0683,50166549.21,101.42,10.1,0.0148,0.0,0.0,0.0,0.0,0.0,0
CRFF11,Fundo de Fundos,82.6,49332.79,0.92,0.63,0.0078,0.1047,0.0087,0.062,0.0063,0.0141,0.32,62181430.61,84.58,9.8,0.0074,-0.0568,-0.0498,0.0554,0.0,0.0,0
CTXT11,Lajes Corporativas,12.75,2520.24,0.4,0.01,0.0004,0.0478,0.004,0.0101,0.01,0.0104,-0.48,107894241.2,48.33,2.6,0.0019,-0.001,0.0009,0.0054,0.0,0.0,1
CVBI11,Papéis,93.63,2858628.03,0.97,0.85,0.0089,0.1225,0.0102,0.0796,0.0204,0.0295,0.1306,1059460692.26,93.28,10.0,0.008,-0.015,-0.0071,0.0481,0.0,0.0,0
CVPR11,Indefinido,0.0,0.0,0.0,1.05,0.0,0.0,0.0,0.0,0.0,0.0,0.0,13682411.16,0.0,0.0,0.0,0.0,0.0,0.0,0.0,0.0,0
CXAG11,Agências de Bancos,82.98,103304.42,0.72,0.71,0.0081,0.1164,0.0097,0.0666,0.0479,0.0563,0.2215,241488990.34,114.82,7.2,0.0065,0.0004,0.007,0.1824,0.0,0.0,32
CXCE11B,Lajes Corporativas,43.8,32334.97,0.67,0.41,0.0093,0.1197,0.01,0.0693,0.0417,0.0514,0.1241,111823006.09,64.79,6.8,0.007,-0.0004,0.0066,-0.0068,0.0,0.0,1
CXCI11,Indefinido,91.1,80909.27,0.94,0.85,0.0095,0.1244,0.0104,0.0732,0.0596,0.0697,0.2522,198625625.72,94.33,9.7,0.0088,-0.0441,-0.0357,0.0257,0.0,0.0,0
CXCO11,Lajes Corporativas,81.5,206677.76,0.82,0.74,0.0087,0.1248,0.0104,0.0771,0.0793,0.0887,0.3039,388761097.13,96.6,8.4,0.0075,0.0003,0.0077,0.0883,0.0,0.0,10
CXRI11,Fundo de Fundos,83.46,24588.91,0.92,0.57,0.0072,0.0994,0.0083,0.0587,0.0194,0.0268,0.3331,143138450.33,83.61,10.0,0.0066,-0.0552,-0.049,0.0515,0.0,0.0,0
CXTL11,Imóveis Industriais e Logísticos,292.0,30424.24,0.7,2.02,0.0064,0.258,0.0215,0.258,-0.0183,-0.012,-0.0767,22220588.79,686.89,4.3,0.002,-0.0186,-0.0166,-0.0149,0.0,0.0,1
CYCR11,Indefinido,9.2,376797.12,0.93,0.1,0.011,0.1418,0.0118,0.0832,0.0133,0.0245,0.1106,160669268.87,95.07,1.0,0.0011,-0.0069,-0.0059,0.0616,0.0,0.0,0
DAMT11B,Shoppings,20.49,672.94,1.55,0.07,0.0037,0.0527,0.0066,0.0423,0.0703,0.0743,0.2739,96399874.23,0.0,0.0,0.0,0.0,0.0,0.0,0.0,0.0,1
DCRA11,Misto,9.3,273395.09,0.0,0.12,0.0125,0.1543,0.0129,0.0928,0.0159,0.0286,0.1382,0.0,0.0,0.0,0.0,0.0,0.0,0.0,0.0,0.0,0
DEVA11,Papéis,48.2,2331203.91,0.51,0.5,0.0091,0.1248,0.0104,0.0811,-0.1306,-0.1227,-0.3523,1332833441.25,101.34,4.8,0.0089,0.0014,0.0103,0.1873,0.0,0.0,0
DLMT11,Varejo,0.0,0.0,0.0,0.0,0.0,0.0,0.0,0.0,0.0,0.0,0.0,8837830.17,0.0,0.0,0.0,0.0,0.0,0.0,0.0,0.0,5
DPRO11,Indefinido,96.14,12876.0,0.99,0.8,0.0083,0.0937,0.0085,0.034,0.0,0.0,0.0,35991692.18,0.0,0.0,0.0,0.0,0.0,0.0,0.0,0.0,1
DRIT11B,Lajes Corporativas,99.82,556.1,0.75,0.77,0.0076,0.067,0.0056,0.0453,0.0153,0.023,-0.1851,61503337.88,125.65,7.9,0.0053,-0.002,0.0034,0.0237,0.0,0.0,6
DVFF11,Fundo de Fundos,83.99,100577.76,0.88,0.8,0.0093,0.1211,0.0101,0.0701,0.0271,0.0366,0.2885,105045396.15,91.56,9.2,0.0093,-0.0401,-0.0312,0.0877,0.0,0.0,0
EDFO11B,Lajes Corporativas,192.0,4524.32,1.06,1.77,0.0092,0.103,0.0086,0.0613,0.0132,0.0225,-0.0699,42650954.7,191.82,10.0,0.0086,-0.0003,0.0082,0.0783,0.0,0.0,1
EDGA11,Lajes Corporativas,22.1,24557.97,0.36,0.07,0.0032,0.0709,0.0059,0.0338,0.0071,0.0103,0.1221,233490676.19,66.14,3.3,0.0023,-0.0002,0.0021,0.0095,0.0,0.0,1
EGAF11,Indefinido,98.65,824161.64,1.03,1.4,0.014,0.2688,0.0269,0.0955,-0.0075,0.0064,0.0685,109513479.76,98.07,10.1,0.0122,0.0,0.0,0.0,0.0,0.0,0
EQIA11,Fiagro,0.0,0.0,0.0,0.45,0.0,0.0,0.0,0.0,0.0,0.0,0.0,0.0,0.0,0.0,0.0,0.0,0.0,0.0,0.0,0.0,0
EQIR11,Indefinido,9.0,201455.97,0.89,0.11,0.0123,0.3382,0.0282,0.0741,0.0056,0.018,-0.0143,50715472.85,9.8,9.2,0.0112,-0.0152,-0.0041,-0.8958,0.0,0.0,0
ERCR11,Varejo,76000.0,0.0,1.3,1407.21,0.0,0.0,0.0,0.0,0.0,0.0,0.0,138531340.2,69829.66,10.9,0.0112,-0.001,0.0102,0.0332,0.0,0.0,0
ERPA11,Lajes Corporativas,119.0,37465.86,0.87,0.73,0.0,0.0234,0.002,0.0124,0.0,0.0,0.0,68711090.37,116.21,10.2,0.006,0.0001,0.0061,0.0377,0.0,0.0,2
EURO11,Imóveis Industriais e Logísticos,245.96,44444.88,0.76,1.85,0.0076,0.0942,0.0079,0.0547,-0.0002,0.0074,0.1246,124828851.68,312.91,7.9,0.0061,0.0001,0.0062,0.0668,0.0,0.0,7
EVBI11,Misto,97.5,180393.0,0.99,0.86,0.009,0.0948,0.0079,0.0565,-0.0093,-0.0004,0.0781,212320474.4,100.21,9.7,0.0075,-0.0071,0.0003,0.077,0.0,0.0,8
EXES11,Indefinido,88.0,2992.0,0.94,1.04,0.0,0.0,0.0,0.0,0.0,0.0,0.0,38508383.37,0.0,0.0,0.0,0.0,0.0,0.0,0.0,0.0,0
FAED11,Educacional,167.17,216834.21,0.77,1.48,0.0084,0.1234,0.0103,0.0725,0.0621,0.071,0.2915,139762085.6,216.18,7.7,0.0071,0.0,0.0071,0.0495,0.0,0.0,3
FAMB11B,Lajes Corporativas,819.99,114640.94,0.28,9.16,0.0056,0.1011,0.0084,0.0564,-0.478,-0.4751,-0.5368,308443046.17,3593.26,2.3,0.0025,0.0053,0.0079,0.1282,0.0,0.0,1
FATN11,Lajes Corporativas,94.5,234683.76,0.95,0.84,0.0086,0.1066,0.0089,0.061,0.0083,0.0169,0.1022,126177918.7,101.4,9.3,0.0079,0.0037,0.0116,0.0701,0.0,0.0,29
FCFL11,Educacional,117.79,186715.27,1.01,0.79,0.0069,0.0855,0.0071,0.0446,0.0553,0.0626,0.0499,403746083.48,104.8,11.2,0.0073,0.0,0.0073,0.0564,0.0,0.0,1
FEXC11,Papéis,83.5,860137.12,0.1,0.5,0.0,0.1148,0.0096,0.0,0.0,0.0,0.0,1001470167.13,90.75,9.2,0.0099,-0.0113,-0.0015,0.0712,0.0,0.0,0
FGAA11,Indefinido,9.91,1634753.82,1.01,0.13,0.013,0.1658,0.0138,0.0951,0.001,0.014,0.0958,326955560.01,9.59,10.3,0.0136,0.0,0.0,0.0,0.0,0.0,0
FIGS11,Shoppings,64.65,214889.24,0.85,0.45,0.007,0.0952,0.0079,0.0594,0.0667,0.0741,0.3443,216278029.15,99.78,6.5,0.0039,-0.0001,0.0038,0.0438,0.0,0.0,2
FIIB11,Imóveis Industriais e Logísticos,510.59,199482.58,1.11,3.7,0.0073,0.089,0.0074,0.0493,-0.0108,-0.0036,0.1343,316217639.17,455.67,11.2,0.0083,-0.001,0.0074,0.0762,0.0,0.0,7
FIIP11B,Imóveis Industriais e Logísticos,172.49,54433.73,0.85,1.44,0.0081,0.1056,0.0088,0.063,0.0752,0.084,0.2887,188411207.67,186.18,9.3,0.0073,-0.0012,0.006,0.0012,0.0,0.0,7
FISC11,Lajes Corporativas,165.0,0.0,1.43,0.45,0.0,0.0,0.0,0.0,0.0,0.0,0.0,195825346.53,116.06,14.2,0.0021,0.0002,0.0022,0.0104,0.0,0.0,5
FLCR11,Papéis,95.2,135760.0,0.96,0.9,0.0094,0.1343,0.0112,0.0867,-0.0087,0.0006,0.0824,62640460.13,98.63,9.7,0.0091,-0.0068,0.0023,0.0893,0.0,0.0,0
FLMA11,Lajes Corporativas,142.24,98295.18,0.89,0.94,0.0068,0.0842,0.007,0.0479,-0.0154,-0.0087,0.1273,220678849.19,157.29,9.0,0.0059,0.0007,0.0066,0.0645,0.0,0.0,2
FLRP11,Shoppings,1985.34,12358.92,1.09,13.5,0.0068,0.084,0.007,0.0465,0.0,0.0,0.0,119002418.35,1730.91,11.5,0.0055,0.0014,0.0068,0.0466,0.0,0.0,1
FMOF11,Lajes Corporativas,57.0,69627.42,0.48,0.15,0.0,0.0509,0.0042,0.0,0.0,0.0,0.0,60277587.87,122.64,4.6,0.0011,-0.0019,-0.0008,-0.0008,0.0,0.0,2
FPAB11,Lajes Corporativas,184.0,5572.21,0.49,5.67,0.0303,0.1292,0.0108,0.0856,0.0026,0.033,0.4861,280681557.68,410.44,4.5,0.004,0.0,0.004,0.0453,0.0,0.0,2
FRHY11,Indefinido,0.0,0.0,0.0,1.03,0.0,0.0,0.0,0.0,0.0,0.0,0.0,9539601.46,0.0,0.0,0.0,0.0,0.0,0.0,0.0,0.0,0
FVPQ11,Shoppings,123.35,64984.52,0.64,1.14,0.0097,0.1005,0.0084,0.0707,0.0759,0.0863,0.2503,539280198.21,198.6,6.2,0.0028,-0.0003,0.0025,0.0439,0.0,0.0,1
FZDA11,Indefinido,121.0,95620.94,1.17,2.26,0.019,0.019,0.019,0.019,0.0,0.0,0.0,158007687.28,101.94,11.9,0.0221,0.0,0.0,0.0,0.0,0.0,0
GALG11,Imóveis Industriais e Logísticos,9.14,1200976.73,1.0,0.08,0.0089,0.1079,0.009,0.0652,-0.0108,-0.002,0.0421,526075325.12,9.36,9.8,0.0088,-0.0787,-0.0706,-0.9009,0.0,0.0,5
GAME11,Indefinido,9.26,176809.64,0.91,0.1,0.0107,0.1329,0.0111,0.0793,0.0054,0.0161,0.1471,220478093.86,9.84,9.4,0.0102,0.002,0.0122,-0.9884,0.0,0.0,0
GCFF11,Fundo de Fundos,69.3,87694.83,0.89,3.07,0.0,0.1125,0.0094,0.0326,0.0,0.0,0.0,27939468.78,82.69,8.4,0.0087,-0.0388,-0.0305,-0.0337,0.0,0.0,0
GCRA11,Indefinido,92.15,538142.06,0.95,1.1,0.012,0.1496,0.0125,0.0893,-0.0522,-0.0409,0.0273,171608604.07,98.01,9.4,0.0131,0.0001,0.0132,0.1422,0.0,0.0,0
GCRI11,Papéis,89.0,205829.85,0.93,1.0,0.0111,0.1414,0.0118,0.0826,-0.0386,-0.0279,0.0405,139187439.32,94.35,9.4,0.0117,-0.0234,-0.012,0.0094,0.0,0.0,0
GESE11B,Educacional,1520.0,0.0,0.86,14.6,0.0,0.0,0.0,0.0,0.0,0.0,0.0,91586792.41,1767.92,8.6,0.0079,0.0,0.0079,0.0241,0.0,0.0,1
GGRC11,Imóveis Industriais e Logísticos,118.49,1176160.67,1.04,0.95,0.0079,0.1042,0.0087,0.0625,-0.0171,-0.0093,0.1106,926184281.36,124.59,9.5,0.0082,-0.0014,0.0068,0.0207,0.0,0.0,17
GRWA11,Indefinido,10.27,16912.91,1.01,0.14,0.0135,0.0566,0.0142,0.0566,0.0068,0.0204,0.0766,12843636.12,10.15,10.1,0.0138,0.0,0.0,0.0,0.0,0.0,0
GSFI11,Shoppings,7.5,717692.94,0.53,0.0,0.0003,0.0003,0.0,0.0003,0.0,0.0003,0.0003,1066817479.3,11.9,6.3,0.0001,0.0001,0.0002,0.0002,0.0,0.0,9
GTLG11,Imóveis Industriais e Logísticos,62.61,15171.0,0.68,31.23,0.0,0.0,0.0,0.0,0.0,0.0,0.0,657817630.21,93.65,6.7,0.0075,-0.0013,0.0062,0.0369,0.0,0.0,5
GTWR11,Lajes Corporativas,85.0,957880.88,0.89,0.79,0.0094,0.1168,0.0097,0.0708,0.0435,0.0533,0.1336,1140706652.02,98.05,8.7,0.0075,0.0003,0.0079,0.0809,0.0,0.0,3
HAAA11,Lajes Corporativas,63.5,2178.91,0.79,0.29,0.0045,0.0624,0.0052,0.0376,0.0,0.0045,-0.2136,278890336.47,89.97,7.1,0.006,-0.004,0.002,0.0132,0.0,0.0,2
HABT11,Papéis,96.7,1290501.21,0.97,1.2,0.0125,0.1489,0.0124,0.0951,-0.0134,-0.001,0.1715,810170305.45,99.8,9.7,0.0092,0.0014,0.0106,0.1575,0.0,0.0,0
HBCR11,Indefinido,119.97,3016370.4,1.16,0.64,0.0,0.0278,0.0023,0.0154,0.0,0.0,0.0,115457700.39,0.0,0.0,0.0,0.0,0.0,0.0,0.0,0.0,4
HBRH11,Lajes Corporativas,96.0,198679.91,0.86,0.54,0.0056,0.0797,0.0066,0.045,0.0089,0.0146,0.1532,310626828.68,113.29,8.5,0.0053,0.001,0.0063,0.0747,0.0,0.0,5
HCHG11,Papéis,80.05,68653.52,0.82,1.05,0.0127,0.1435,0.012,0.0852,0.0346,0.0477,0.0527,117148230.75,100.07,8.0,0.01,-0.0038,0.0061,0.1316,0.0,0.0,0
HCRA11,Indefinido,102.9,623.44,0.0,1.28,0.0124,0.0745,0.0062,0.0491,-0.0106,0.0017,0.0165,0.0,0.0,0.0,0.0,0.0,0.0,0.0,0.0,0.0,0
HCRI11,Hospitalar,295.44,39451.06,0.96,2.59,0.0087,0.1424,0.0119,0.0741,0.1404,0.1503,0.4162,61641820.0,299.94,9.8,0.0081,-0.0,0.0081,0.0306,0.0,0.0,1
HCTR11,Papéis,46.52,3242658.61,0.42,0.5,0.0106,0.1179,0.0098,0.0647,-0.2139,-0.2056,-0.5044,2440960968.17,121.43,3.8,0.0091,-0.0011,0.008,0.1689,0.0,0.0,0
HDEL11,Imóveis Industriais e Logísticos,106.09,7956.5,1.35,1.87,0.0,0.0,0.0,0.0,0.0,0.0,0.0,29668960.5,0.0,0.0,0.0,0.0,0.0,0.0,0.0,0.0,0
HFOF11,Fundo de Fundos,83.77,2404146.12,1.01,0.63,0.0078,0.1041,0.0087,0.0628,0.0177,0.0257,0.2281,1903337123.95,82.16,10.2,0.0075,-0.0445,-0.0373,0.0499,0.0,0.0,0
HGAG11,Indefinido,26.0,21510.64,1.47,0.24,0.0092,0.1231,0.0103,0.0909,-0.1003,-0.0921,0.052,5731825.7,23.09,11.3,0.0199,0.0,0.0,0.0,0.0,0.0,0
HGBS11,Shoppings,228.44,2018977.0,1.03,1.55,0.0069,0.0844,0.007,0.0509,0.0351,0.0423,0.2479,2223428871.06,216.98,10.5,0.0065,-0.0063,0.0002,0.0757,0.0,0.0,12
HGCR11,Papéis,107.0,4131583.55,1.03,1.1,0.0104,0.1383,0.0115,0.0803,0.0145,0.0251,0.1187,1596166619.78,101.2,10.6,0.0119,-0.012,-0.0003,0.1264,0.0,0.0,0
HGFF11,Fundo de Fundos,87.73,886885.58,0.94,0.65,0.0073,0.1011,0.0084,0.0593,0.015,0.0224,0.3072,266323658.89,87.45,10.0,0.0074,-0.0538,-0.0467,0.0529,0.0,0.0,0
HGIC11,Papéis,105.0,21350.47,0.9,1.0,0.0094,0.1081,0.009,0.056,0.0143,0.0238,-0.0282,54058557.87,114.02,9.2,0.0096,-0.0208,-0.0114,0.1705,0.0,0.0,0
HGLG11,Imóveis Industriais e Logísticos,161.88,10007918.64,1.05,1.1,0.0067,0.0895,0.0075,0.0499,-0.0238,-0.0173,0.043,3608679089.96,147.8,11.0,0.0074,0.0037,0.0111,0.0968,0.0,0.0,20
HGPO11,Lajes Corporativas,291.7,533889.21,0.98,1.6,0.0055,0.0738,0.0062,0.0431,0.0416,0.0473,0.1484,524391033.34,267.63,10.9,0.006,-0.0005,0.0054,0.0596,0.0,0.0,2
HGRE11,Lajes Corporativas,141.55,2801332.61,0.91,0.78,0.0055,0.0799,0.0067,0.0483,0.0057,0.0113,0.2147,1837461314.87,161.29,8.8,0.0048,-0.0012,0.0036,0.0241,0.0,0.0,19
HGRU11,Misto,130.58,4271423.42,1.06,0.85,0.0064,0.0948,0.0079,0.0524,0.0011,0.0075,0.1425,2273290355.87,120.0,10.9,0.0068,-0.0037,0.0031,0.0923,0.0,0.0,71
HLOG11,Imóveis Industriais e Logísticos,98.5,62681.61,0.86,0.65,0.0068,0.0863,0.0072,0.0519,0.0014,0.0082,0.1163,488537842.94,111.05,8.9,0.0059,-0.0007,0.0051,0.0512,0.0,0.0,5
HOFC11,Lajes Corporativas,24.0,89176.88,0.27,0.2,0.0084,0.0892,0.0074,0.0631,0.018,0.0266,-0.1025,337567091.65,0.0,0.0,0.0,0.0,0.0,0.0,0.0,0.0,4
HOSI11,Imóveis Residenciais,67.88,20165.58,0.74,0.47,0.0067,0.1259,0.0105,0.073,0.1291,0.1366,0.2962,52797350.72,93.2,7.3,0.0046,0.0026,0.0072,0.0535,0.0,0.0,0
HPDP11,Shoppings,86.95,4363.16,0.97,0.53,0.0064,0.069,0.0058,0.0457,0.1206,0.1278,0.2651,260308014.78,95.0,9.2,0.0053,0.0014,0.0067,0.0581,0.0,0.0,1
HRDF11,Fundo de Desenvolvimento,4.29,3109.15,0.7,5.4,0.0,0.0,0.0,0.0,0.0,0.0,0.0,9277649.58,0.0,0.0,0.0,0.0,0.0,0.0,0.0,0.0,0
HREC11,Papéis,84.53,267174.36,0.9,0.85,0.0101,0.1278,0.0107,0.078,-0.0083,0.0018,0.1138,482984822.14,89.66,9.4,0.0106,-0.018,-0.0076,0.0987,0.0,0.0,0
HSAF11,Papéis,88.73,479531.03,0.95,0.8,0.009,0.1356,0.0113,0.0832,0.02,0.0291,0.2244,236702698.81,91.55,9.7,0.0066,-0.0067,-0.0002,0.0839,0.0,0.0,0
HSLG11,Imóveis Industriais e Logísticos,99.17,1053276.24,0.95,0.73,0.0076,0.0968,0.0081,0.0595,0.0108,0.0185,0.1458,1320614382.99,105.22,9.4,0.0067,-0.0005,0.0062,0.0099,0.0,0.0,5
HSML11,Shoppings,96.5,3276962.21,1.01,0.74,0.0078,0.0992,0.0083,0.0603,0.0096,0.0175,0.2261,1500704182.37,97.37,9.9,0.007,-0.0019,0.0051,0.0426,0.0,0.0,7
HSRE11,Misto,103.0,615685.7,1.1,0.6,0.0058,0.0551,0.0046,0.0303,0.0,0.0,0.0,830382224.69,96.2,10.7,0.0065,-0.0004,0.0062,0.0583,0.0,0.0,27
HTMX11,Hotéis,143.3,647183.18,1.04,1.87,0.014,0.1267,0.0106,0.0805,0.0445,0.0591,0.2998,207257088.16,131.52,10.9,0.0097,-0.0042,0.0055,0.0747,0.0,0.0,23
HUCG11,Hospitalar,100.0,5824.93,0.98,0.32,0.0,0.0582,0.0049,0.0212,0.0,0.0,0.0,115035182.13,0.0,0.0,0.0,0.0,0.0,0.0,0.0,0.0,2
HUSC11,Hospitalar,111.01,7170.61,0.76,0.92,0.0087,0.0841,0.007,0.0509,0.0047,0.0135,0.1046,119148478.11,146.16,7.6,0.006,0.0235,0.0296,0.0711,0.0,0.0,2
HUSI11,Hospitalar,1136.8,24439.5,1.03,7.63,0.0,0.0418,0.0035,0.0133,0.0,0.0,0.0,128915777.56,991.67,11.5,0.0088,-0.0083,0.0005,0.0433,0.0,0.0,0
IAAG11,Indefinido,10.02,77307.26,1.04,0.05,0.005,0.005,0.005,0.005,0.0,0.0,0.0,52456629.44,9.63,10.4,0.0052,0.0,0.0,0.0,0.0,0.0,0
IBCR11,Papéis,76.5,201760.09,0.79,0.99,0.0127,0.1365,0.0114,0.0831,-0.0301,-0.0177,-0.0008,92634835.51,95.51,8.0,0.0084,-0.0091,-0.0008,0.0949,0.0,0.0,0
IBFF11,Fundo de Fundos,66.4,162549.5,4.49,14.79,0.0,0.0802,0.0067,0.0541,0.0,0.0,0.0,9855905.16,72.54,9.2,0.0069,-0.0195,-0.0128,-0.0061,0.0,0.0,0
IDFI11,Indefinido,35.7,216646.39,0.89,2.92,0.0,0.0,0.0,0.0,0.0,0.0,0.0,82408919.07,59.67,6.0,0.0048,-0.016,-0.0113,-0.1815,0.0,0.0,1
IFRA11,Fundo de Desenvolvimento,103.0,1064489.03,0.0,1.07,0.0102,0.117,0.0098,0.0669,0.0093,0.0196,0.1075,0.0,0.0,0.0,0.0,0.0,0.0,0.0,0.0,0.0,0
IRDM11,Papéis,82.96,4768460.85,0.93,0.81,0.0093,0.1174,0.0098,0.0719,-0.0276,-0.0186,0.0118,3265514030.59,93.04,8.9,0.0075,-0.0177,-0.0103,0.0328,0.0,0.0,0
IRIM11,Indefinido,94.0,80174.24,0.98,0.86,0.009,0.1231,0.0103,0.0771,0.0019,0.0109,0.0852,184215853.07,97.23,9.7,0.0074,-0.0135,-0.0062,0.0272,0.0,0.0,0
ITIP11,Papéis,79.0,86340.48,1.02,0.79,0.0102,0.1267,0.0106,0.0776,0.0214,0.0318,0.0453,58226271.75,80.92,9.8,0.0091,-0.029,-0.0201,0.0257,0.0,0.0,0
ITIT11,Fundo de Fundos,79.55,128909.45,0.91,0.66,0.0085,0.0919,0.0077,0.0558,0.0542,0.0632,0.0274,78674097.77,79.66,10.0,0.0072,-0.0582,-0.0515,0.0688,0.0,0.0,0
JASC11,Imóveis Comerciais - Outros,100.0,7610625.0,0.97,0.52,0.0,0.0,0.0,0.0,0.0,0.0,0.0,279182856.28,0.0,0.0,0.0,0.0,0.0,0.0,0.0,0.0,12
JBFO11,Papéis,92.01,55206.0,1.04,0.54,0.0,0.0,0.0,0.0,0.0,0.0,0.0,113272773.06,0.0,0.0,0.0,0.0,0.0,0.0,0.0,0.0,0
JFLL11,Imóveis Residenciais,78.79,91585.42,0.78,0.62,0.0084,0.1117,0.0093,0.067,0.0329,0.0416,0.2061,151536930.84,100.49,7.8,0.0062,0.0003,0.0065,0.0743,0.0,0.0,2
JGPX11,Indefinido,98.21,301233.27,1.0,1.28,0.0128,0.1528,0.0127,0.0918,-0.0129,-0.0003,0.1287,81784381.54,96.43,10.2,0.0121,0.0048,0.017,0.1276,0.0,0.0,0
JPPA11,Papéis,100.47,294740.09,1.01,1.25,0.0125,0.1659,0.0138,0.0955,0.029,0.0419,0.0431,89729539.93,99.04,10.1,0.0141,-0.0073,0.0067,0.1176,0.0,0.0,0
JRDM11,Shoppings,85.9,610682.0,0.97,7.83,0.0,0.0,0.0,0.0,0.0,0.0,0.0,224143181.16,87.34,9.8,0.0079,-0.0006,0.0072,0.0419,0.0,0.0,1
JSAF11,Fundo de Fundos,97.35,784964.24,0.99,0.93,0.0095,0.1287,0.0107,0.0759,0.0593,0.0693,0.2437,155330152.82,94.13,10.3,0.0099,-0.0406,-0.0312,0.0712,0.0,0.0,0
JSRE11,Misto,77.5,3200262.21,0.69,0.46,0.0057,0.0768,0.0064,0.0464,0.0045,0.0102,0.1486,2343584658.59,113.42,6.8,0.0043,0.0,0.0044,0.0434,0.0,0.0,6
JURO11,Fundo de Desenvolvimento,106.03,1603416.7,0.0,1.5,0.0141,0.1313,0.0109,0.053,0.0282,0.0427,0.0626,0.0,0.0,0.0,0.0,0.0,0.0,0.0,0.0,0.0,0
KCRE11,Indefinido,96.11,417894.48,0.92,0.9,0.0092,0.114,0.0095,0.083,-0.0063,0.0029,0.2081,376004610.83,98.96,9.7,0.0052,-0.0196,-0.0146,0.0156,0.0,0.0,0
KDIF11,Fundo de Desenvolvimento,133.26,2699356.55,0.0,1.0,0.0076,0.1108,0.0092,0.0624,0.0091,0.0168,0.1097,0.0,0.0,0.0,0.0,0.0,0.0,0.0,0.0,0.0,0
KEVE11,Fundo de Desenvolvimento,1035.37,88854.92,1.13,19.57,0.0,0.0466,0.0039,0.0338,0.0,0.0,0.0,135631456.47,967.75,10.7,0.0028,-0.0149,-0.0122,-0.0429,0.0,0.0,0
KFOF11,Fundo de Fundos,97.43,1368847.36,1.0,0.75,0.0077,0.1064,0.0089,0.0646,0.0482,0.0562,0.3257,442312455.66,92.06,10.6,0.0078,-0.0643,-0.057,0.0611,0.0,0.0,0
KINP11,Fundo de Desenvolvimento,9.82,38394.2,2.66,2.9,0.0,0.3163,0.0264,0.1253,0.0,0.0,0.0,26408606.84,4.8,20.5,0.0501,-0.0628,-0.0158,0.0104,0.0,0.0,0
KISU11,Fundo de Fundos,8.62,783064.94,0.94,0.07,0.0079,0.1091,0.0091,0.0626,0.0365,0.0447,0.1576,406617799.57,8.79,9.8,0.0085,-0.0526,-0.0446,0.0209,0.0,0.0,0
KIVO11,Papéis,91.0,229217.27,0.96,1.2,0.0127,0.1751,0.0146,0.1096,0.0102,0.023,0.0832,114694165.67,0.0,0.0,0.0,0.0,0.0,0.0,0.0,0.0,0
KNCA11,Indefinido,107.9,2424938.12,1.05,1.11,0.0104,0.1473,0.0123,0.0813,-0.0046,0.0058,0.0833,1441823009.54,102.26,10.6,0.0111,0.0007,0.0118,0.1258,0.0,0.0,0
KNCR11,Papéis,99.05,11890315.18,0.98,1.15,0.0116,0.1397,0.0116,0.0814,0.013,0.0248,0.0868,5759279230.75,100.66,9.8,0.0109,-0.0002,0.0108,0.1176,0.0,0.0,0
KNHY11,Papéis,100.6,2865997.61,0.98,0.85,0.0086,0.1171,0.0098,0.0817,0.0,0.0086,0.1022,1894929728.94,97.68,10.3,0.0092,-0.0096,-0.0005,0.1179,0.0,0.0,0
KNIP11,Papéis,92.5,13152133.27,0.93,0.52,0.0056,0.0967,0.0081,0.068,-0.0157,-0.0102,0.0733,7948291981.88,94.8,9.8,0.0053,-0.019,-0.0138,0.0916,0.0,0.0,0
KNPR11,Indefinido,0.0,0.0,0.0,3.88,0.0,0.0,0.0,0.0,0.0,0.0,0.0,58702425.08,0.0,0.0,0.0,0.0,0.0,0.0,0.0,0.0,0
KNRE11,Fundo de Desenvolvimento,0.57,11916.39,0.76,0.07,0.1252,1.7841,0.1487,1.3846,-0.44,-0.3699,0.0659,13997388.53,0.83,6.9,0.3683,-0.2853,-0.0221,-0.0803,0.0,0.0,1
KNRI11,Misto,160.0,4314096.15,1.0,0.95,0.0059,0.0799,0.0067,0.0484,0.0093,0.0152,0.207,3869615565.11,160.12,10.0,0.0057,-0.0009,0.0047,0.0786,0.0,0.0,19
KNSC11,Papéis,90.78,3380846.09,0.99,0.7,0.0079,0.1131,0.0094,0.0735,-0.001,0.0069,0.1072,1214035236.8,88.6,10.2,0.0085,-0.0115,-0.0031,0.0995,0.0,0.0,0
LASC11,Shoppings,101.18,901903.84,0.99,0.63,0.0062,0.1029,0.0086,0.069,0.0,0.0,0.0,300034047.66,109.68,9.2,0.0074,-0.0024,0.005,0.023,0.0,0.0,2
LAVF11,Indefinido,0.0,0.0,0.0,1.3,0.0,0.0,0.0,0.0,0.0,0.0,0.0,116243.8,0.0,0.0,0.0,0.0,0.0,0.0,0.0,0.0,0
LFTT11,Papéis,50.4,17657.69,1.72,4.19,0.0,0.0,0.0,0.0,0.0,0.0,0.0,217095150.35,53.02,9.5,0.0692,-0.1209,-0.06,-0.6933,0.0,0.0,284
LGCP11,Imóveis Industriais e Logísticos,87.0,895239.06,0.85,0.64,0.0074,0.0915,0.0076,0.0547,-0.0256,-0.0184,0.0995,293814056.79,102.79,8.5,0.006,0.0002,0.0062,0.0754,0.0,0.0,5
LIFE11,Imóveis Comerciais - Outros,10.1,149752.48,0.99,0.12,0.0115,0.1338,0.0112,0.0959,0.0215,0.0332,0.0663,173769718.07,0.0,0.0,0.0,0.0,0.0,0.0,0.0,0.0,0
LLAO11,Misto,0.0,0.0,0.0,6.25,0.0,0.0,0.0,0.0,0.0,0.0,0.0,34469557.72,0.0,0.0,0.0,0.0,0.0,0.0,0.0,0.0,14
LOFT11B,Fundo de Desenvolvimento,29.9,0.0,2.5,47.9,0.0,1.8983,0.1582,0.9237,0.0,0.0,0.0,23430677.87,0.0,0.0,0.0,0.0,0.0,0.0,0.0,0.0,19
LPLP11,Indefinido,0.0,0.0,0.0,24.46,0.0,0.0,0.0,0.0,0.0,0.0,0.0,131546707.05,0.0,0.0,0.0,0.0,0.0,0.0,0.0,0.0,0
LSAG11,Misto,105.2,136937.15,0.0,1.26,0.0118,0.1727,0.0144,0.1006,-0.0023,0.0094,0.0382,0.0,0.0,0.0,0.0,0.0,0.0,0.0,0.0,0.0,0
LSPA11,Papéis,101.3,11143.0,0.89,0.8,0.0,0.0,0.0,0.0,0.0,0.0,0.0,46256811.82,0.0,0.0,0.0,0.0,0.0,0.0,0.0,0.0,0
LUGG11,Fundo de Desenvolvimento,86.25,70337.15,0.7,0.6,0.0073,0.0891,0.0074,0.0547,0.0575,0.0652,0.1865,139619195.54,127.87,6.7,0.0041,0.0007,0.0048,0.0738,0.0,0.0,5
LVBI11,Imóveis Industriais e Logísticos,115.58,2270582.7,1.0,0.79,0.0067,0.0856,0.0071,0.0511,-0.002,0.0047,0.199,1363470925.81,115.51,10.0,0.0065,-0.0003,0.0062,0.0447,0.0,0.0,8
MALL11,Shoppings,117.35,3610404.52,0.98,0.8,0.0069,0.088,0.0073,0.0517,-0.0169,-0.0101,0.1749,1094884496.36,107.86,10.9,0.0072,0.0159,0.0233,0.0397,0.0,0.0,9
MANA11,Indefinido,9.5,246481.67,0.96,0.11,0.011,0.1359,0.0113,0.0789,0.0,0.011,0.0677,192933382.46,0.0,0.0,0.0,0.0,0.0,0.0,0.0,0.0,0
MATV11,Indefinido,86.63,13027.43,0.92,0.6,0.0073,0.1228,0.0102,0.0193,-0.0141,-0.0069,-0.0108,39926993.67,92.09,9.4,0.0087,-0.0134,-0.0049,-0.0081,0.0,0.0,0
MAXR11,Varejo,73.13,81516.45,0.59,0.71,0.0094,0.1087,0.0091,0.0668,0.0342,0.044,0.1333,139066272.56,120.18,6.1,0.0054,0.0002,0.0056,0.0429,0.0,0.0,8
MBRF11,Lajes Corporativas,0.0,0.0,0.0,0.5,0.0,0.0,0.0,0.0,0.0,0.0,0.0,0.0,1136.01,0.0,0.0088,-0.0017,0.0071,0.1003,0.0,0.0,0
MCCI11,Papéis,95.3,4471792.94,0.99,0.9,0.0095,0.1315,0.011,0.0736,0.0056,0.0152,0.1024,1630807046.34,92.4,10.3,0.0119,-0.0201,-0.0085,0.0325,0.0,0.0,0
MCHF11,Papéis,9.26,1131222.42,0.97,0.09,0.0097,0.1354,0.0113,0.0773,-0.0053,0.0043,0.094,308021584.59,9.37,9.9,0.0117,-0.0149,-0.0033,0.0021,0.0,0.0,0
MCHY11,Papéis,110.72,32226.48,1.09,1.3,0.0117,0.171,0.0143,0.0872,-0.0107,0.0009,0.0915,365382526.69,99.69,11.1,0.0341,-0.0372,-0.0043,0.0903,0.0,0.0,0
MFAI11,Fundo de Fundos,68.39,55297.91,0.93,0.57,0.0082,0.1059,0.0088,0.0567,0.0885,0.0974,0.2674,26209993.53,70.49,9.7,0.0061,-0.0886,-0.083,-0.0629,0.0,0.0,0
MFII11,Fundo de Desenvolvimento,94.88,486744.33,0.94,1.07,0.0112,0.1392,0.0116,0.0819,0.0132,0.0246,0.1113,424053046.14,99.09,9.6,0.0112,-0.0183,-0.0073,0.0253,0.0,0.0,8
MGCR11,Papéis,9.4,259145.59,0.1,0.1,0.0,0.13,0.0108,0.069,0.0,0.0,0.0,130507537.77,89.93,1.0,0.01,-0.0299,-0.0202,0.0414,0.0,0.0,0
MGFF11,Fundo de Fundos,69.9,1235965.42,0.93,0.55,0.0079,0.1034,0.0086,0.0613,0.0652,0.0736,0.2622,680024021.35,72.45,9.6,0.0073,-0.061,-0.0541,-0.0296,0.0,0.0,0
MGHT11,Hotéis,65.59,147917.27,0.75,0.6,0.0086,0.142,0.0118,0.0869,0.0386,0.0476,0.3374,114560774.77,85.61,7.7,0.0076,-0.0045,0.003,-0.0608,0.0,0.0,1
MGLG11,Imóveis Industriais e Logísticos,40.99,55314.19,0.55,0.35,0.0086,0.1169,0.0097,0.0086,-0.036,-0.0277,-0.0277,116088485.68,61.55,6.7,0.0057,0.5754,0.5843,-0.1862,0.0,0.0,2
MGRI11,Indefinido,0.0,0.0,0.0,1.58,0.0,0.0,0.0,0.0,0.0,0.0,0.0,24087821.89,0.0,0.0,0.0,0.0,0.0,0.0,0.0,0.0,1
MMPD11,Indefinido,0.0,0.0,0.0,5.18,0.0,0.0,0.0,0.0,0.0,0.0,0.0,58635711.07,0.0,0.0,0.0,0.0,0.0,0.0,0.0,0.0,0
MORC11,Papéis,93.7,336988.12,0.95,1.1,0.0116,0.1449,0.0121,0.0721,0.0265,0.0384,0.0633,148091439.77,96.98,9.7,0.0113,-0.0073,0.004,0.033,0.0,0.0,0
MORE11,Fundo de Fundos,75.87,626643.42,0.9,0.6,0.0079,0.1068,0.0089,0.0643,0.0212,0.0292,0.249,195538043.47,83.3,9.1,0.0072,-0.0504,-0.0436,-0.0274,0.0,0.0,0
MXRF11,Papéis,10.56,10406448.18,1.05,0.12,0.0112,0.1268,0.0106,0.0789,-0.0165,-0.0055,0.1492,2283035193.96,10.1,10.5,0.0079,-0.0097,-0.0018,0.047,0.0,0.0,3
NAVT11,Papéis,90.61,214932.82,0.93,1.0,0.0108,0.133,0.0111,0.078,0.0405,0.0518,0.3577,102245545.93,89.84,10.1,0.0095,-0.0392,-0.0302,0.0049,0.0,0.0,0
NCHB11,Papéis,82.3,418852.58,0.9,0.85,0.01,0.1493,0.0124,0.0858,-0.0459,-0.0363,0.0195,154944908.52,90.18,9.1,0.0111,-0.0114,-0.0004,0.0318,0.0,0.0,0
NCRA11,Indefinido,11.21,214783.61,0.97,0.16,0.0144,0.0781,0.0065,0.068,0.062,0.0773,-0.8731,43087632.24,10.56,10.6,0.0097,0.0,0.0,0.0,0.0,0.0,0
NCRI11,Papéis,9.02,4260.82,0.88,0.07,0.0075,0.063,0.009,0.063,-0.0373,-0.03,0.0245,40634429.35,0.0,0.0,0.0,0.0,0.0,0.0,0.0,0.0,0
NEWL11,Imóveis Industriais e Logísticos,114.0,608497.7,0.96,0.95,0.0083,0.1165,0.0097,0.0675,0.0655,0.0743,0.2614,240497243.01,120.99,9.4,0.0074,-0.0031,0.0044,0.1374,0.0,0.0,3
NEWU11,Lajes Corporativas,73.1,124375.09,1.06,0.2,0.0027,0.3119,0.026,0.0145,0.0121,0.0149,0.6952,51277626.53,64.92,11.3,0.0012,-0.0031,-0.0019,-0.0019,0.0,0.0,3
NSLU11,Hospitalar,193.0,96621.45,0.97,1.56,0.0086,0.1024,0.0085,0.0629,0.0235,0.0323,0.1622,257933778.33,194.78,9.9,0.0077,0.0005,0.0082,0.0311,0.0,0.0,1
NVHO11,Hospitalar,10.64,6111.79,0.76,0.08,0.0082,0.0935,0.0078,0.0538,0.0189,0.0272,0.0814,580462423.32,12.75,8.3,0.0065,0.0005,0.007,0.0635,0.0,0.0,4
NVIF11B,Fundo de Desenvolvimento,227.5,0.0,0.64,0.89,0.0,0.0,0.0,0.0,0.0,0.0,0.0,116938026.55,295.65,7.7,0.0015,0.0287,0.0303,0.177,0.0,0.0,21
OIAG11,Indefinido,9.55,217413.52,0.98,0.13,0.013,0.1615,0.0135,0.0937,0.0268,0.0401,-0.0117,88407370.91,9.79,9.8,0.0112,0.0,0.0,0.0,0.0,0.0,0
ONEF11,Lajes Corporativas,202.48,98366.79,0.88,1.02,0.0052,0.0654,0.0055,0.0381,0.0154,0.0207,0.1885,209527229.71,201.4,10.1,0.0046,0.151,0.1563,0.2127,0.0,0.0,1
ORPD11,Fundo de Desenvolvimento,93.0,402.75,0.63,1.38,0.0,0.0,0.0,0.0,0.0,0.0,0.0,42588784.4,124.68,7.5,0.0111,0.0095,0.0206,0.0206,0.0,0.0,0
OUFF11,Fundo de Fundos,73.1,191322.03,0.94,0.72,0.0097,0.1291,0.0108,0.0752,0.0258,0.0357,0.2453,141146374.18,76.15,9.6,0.0092,-0.0519,-0.0432,0.0561,0.0,0.0,3
OUJP11,Papéis,99.99,586779.64,1.01,1.2,0.0118,0.1516,0.0126,0.0887,-0.0102,0.0015,0.1199,321005862.95,99.94,10.0,0.012,-0.0118,0.0001,0.1355,0.0,0.0,0
OULG11,Imóveis Industriais e Logísticos,41.19,198289.39,0.61,0.42,0.01,0.0987,0.0082,0.073,0.016,0.0262,0.0476,167316745.27,73.26,5.6,0.0027,0.0003,0.0031,0.0075,0.0,0.0,2
OURE11,Misto,81.96,144315.0,0.89,0.8,0.0094,0.1492,0.0124,0.086,0.0055,0.0149,0.115,99203714.68,92.02,8.9,0.0114,-0.0216,-0.0104,0.1112,0.0,0.0,4
PABY11,Fundo de Desenvolvimento,23.9,3811.18,0.0,0.13,0.0,0.0,0.0,0.0,0.0,0.0,0.0,-14548034.91,251.42,1.0,0.0,0.0174,0.0174,0.0549,0.0,0.0,15
PATB11,Lajes Corporativas,0.0,0.0,0.0,7.15,0.0,0.0,0.0,0.0,0.0,0.0,0.0,673519286.24,0.0,0.0,0.0,0.0,0.0,0.0,0.0,0.0,3
PATC11,Fundo de Desenvolvimento,68.57,686353.88,0.91,0.34,0.0049,0.1216,0.0101,0.0509,-0.0471,-0.0424,0.0906,261990534.52,79.1,8.7,0.0035,-0.0717,-0.0684,-0.0471,0.0,0.0,7
PATL11,Imóveis Industriais e Logísticos,75.55,716859.64,0.77,0.6,0.0082,0.0988,0.0082,0.0611,-0.0291,-0.0211,0.1096,491560085.07,98.01,7.7,0.0059,-0.001,0.0049,0.0674,0.0,0.0,5
PEMA11,Papéis,45.5,2275.59,0.62,0.37,0.0071,0.1539,0.0128,0.0982,0.1791,0.1875,-0.24,40473090.64,0.0,0.0,0.0,0.0,0.0,0.0,0.0,0.0,0
PLCA11,Indefinido,91.54,28824.09,0.88,1.13,0.0123,0.1399,0.0127,0.086,-0.0102,0.002,0.0438,52908566.97,94.99,9.6,0.0118,0.0,0.0,0.0,0.0,0.0,0
PLCR11,Papéis,91.65,624615.85,0.99,1.05,0.0118,0.1449,0.0121,0.0833,0.0266,0.0387,0.1395,196179275.36,90.84,10.1,0.011,-0.0164,-0.0056,0.0906,0.0,0.0,0
PLOG11,Imóveis Industriais e Logísticos,66.71,70165.04,0.63,0.7,0.0099,0.1213,0.0101,0.0409,0.0201,0.0302,0.0055,79648071.76,100.39,6.6,0.0075,-0.0002,0.0072,0.0877,0.0,0.0,1
PLRI11,Papéis,18.62,7092.81,0.59,0.07,0.0038,0.063,0.0053,0.064,-0.0236,-0.0199,-0.1735,29959485.88,32.96,5.6,0.0036,-0.0108,-0.0073,-0.1402,0.0,0.0,0
PNDL11,Fundo de Desenvolvimento,1298.0,158356.0,1.3,0.12,0.0,0.0,0.0,0.0,0.0,0.0,0.0,96114096.0,0.0,0.0,0.0,0.0,0.0,0.0,0.0,0.0,0
PORD11,Papéis,89.95,788787.36,0.92,1.0,0.0109,0.1357,0.0113,0.0832,0.0181,0.0292,0.0922,365774015.78,97.6,9.2,0.0092,-0.0027,0.0065,0.0921,0.0,0.0,0
PQAG11,Imóveis Industriais e Logísticos,56.59,3784.91,0.99,0.44,0.0079,0.0963,0.008,0.0575,-0.0002,0.0077,0.0601,798910211.59,57.27,9.9,0.0077,-0.0003,0.0074,0.0904,0.0,0.0,1
PQDP11,Shoppings,1995.0,128899.3,0.64,17.15,0.0086,0.1038,0.0087,0.066,0.0445,0.0535,-0.0114,766397505.75,3314.36,6.0,0.005,0.0007,0.0057,0.017,0.0,0.0,1
PRSV11,Lajes Corporativas,83.0,3298.48,0.39,14.1,0.0,0.0,0.0,0.0,0.0,0.0,0.0,41473681.85,364.23,2.3,0.0044,-0.0003,0.0041,-0.0381,0.0,0.0,1
PRTS11,Shoppings,117.7,0.0,1961.67,0.05,0.0,0.0,0.0,0.0,0.0,0.0,0.0,3111607.44,0.0,0.0,0.0,0.0,0.0,0.0,0.0,0.0,2
PVBI11,Lajes Corporativas,103.98,3608961.88,1.02,0.72,0.007,0.0769,0.0064,0.0471,0.0419,0.0492,0.149,1238297162.79,103.65,10.0,0.0055,0.0463,0.052,0.0821,0.0,0.0,3
QAGR11,Indefinido,49.9,450528.15,0.87,0.52,0.0106,0.1127,0.0094,0.0679,0.0145,0.0253,0.2359,290724376.0,55.85,8.9,0.0073,-0.0008,0.0065,-0.0168,0.0,0.0,12
QAMI11,Papéis,79.99,19253.21,0.85,0.8,0.0098,0.1323,0.011,0.0816,0.0212,0.0312,0.0908,75353395.87,91.51,8.7,0.0087,-0.0161,-0.0075,0.1069,0.0,0.0,0
QIRI11,Papéis,78.04,6867.57,0.87,89.64,0.0,0.0824,0.0069,0.0616,0.0,0.0,0.0,13441852.95,89.98,8.7,0.0073,0.0629,0.0707,0.0872,0.0,0.0,0
RBCO11,Lajes Corporativas,0.0,0.0,0.0,0.5,0.0,0.0,0.0,0.0,0.0,0.0,0.0,0.0,90.22,0.0,0.0022,0.0103,0.0125,-0.0708,0.0,0.0,0
RBDS11,Fundo de Desenvolvimento,2.52,538.93,0.11,2.35,0.1121,0.6855,0.0571,0.1121,-0.512,-0.4573,-0.4573,2851592.32,22.98,1.1,0.0,0.0,0.0,0.0,0.0,0.0,0
RBED11,Educacional,138.0,267474.52,0.95,1.43,0.0104,0.1185,0.0099,0.0709,-0.0032,0.0072,0.2539,340399659.17,144.36,9.6,0.0085,0.0226,0.0313,0.1172,0.0,0.0,7
RBFF11,Fundo de Fundos,62.47,795523.36,0.92,0.5,0.0082,0.1112,0.0093,0.0659,0.0355,0.044,0.2293,255716107.74,63.99,9.8,0.008,-0.0494,-0.0419,0.0643,0.0,0.0,0
RBGS11,Shoppings,28.45,0.0,0.31,0.18,0.0062,0.0617,0.0051,0.051,-0.019,-0.0129,-0.2572,97865283.71,90.78,3.1,0.0018,0.0,0.0018,0.0117,0.0,0.0,1
RBHG11,Papéis,89.92,313021.88,0.98,1.05,0.0118,0.1523,0.0127,0.0869,0.024,0.0361,0.1306,158729718.92,92.49,9.7,0.0117,-0.008,0.0036,0.0987,0.0,0.0,0
RBHY11,Papéis,97.7,103472.03,1.04,1.2,0.0127,0.1544,0.0129,0.0894,0.0092,0.022,0.0653,177423742.33,94.54,10.3,0.0127,-0.0077,0.0049,0.1261,0.0,0.0,0
RBIF11,Fundo de Desenvolvimento,98.5,34224.55,0.0,1.34,0.0132,0.0963,0.008,0.0513,0.0785,0.0927,0.1356,0.0,0.0,0.0,0.0,0.0,0.0,0.0,0.0,0.0,0
RBIR11,Fundo de Desenvolvimento,86.69,66433.0,0.83,0.31,0.0037,0.0288,0.0058,0.025,0.0188,0.0225,0.3528,158888142.33,0.0,0.0,0.0,0.0,0.0,0.0,0.0,0.0,0
RBLG11,Imóveis Industriais e Logísticos,100.68,2449.8,0.99,0.95,0.0094,0.0829,0.0069,0.0377,0.0,0.0,0.0,65141741.92,100.33,10.0,0.0088,-0.011,-0.0023,0.0259,0.0,0.0,1
RBOP11,Lajes Corporativas,319.98,110140.73,0.42,2.4,0.0071,0.1861,0.0155,0.0952,-0.3159,-0.311,-0.3934,78368583.98,0.0,0.0,0.0,0.0,0.0,0.0,0.0,0.0,2
RBRD11,Varejo,37.3,41275.06,0.56,0.34,0.0092,0.1011,0.0084,0.0632,-0.0748,-0.0663,0.0309,122626022.43,68.42,5.5,0.0044,0.0005,0.0049,0.0083,0.0,0.0,4
RBRF11,Fundo de Fundos,85.76,3501833.97,0.99,0.63,0.0074,0.1038,0.0087,0.0613,0.0682,0.0761,0.3292,1184405899.09,82.64,10.4,0.0076,-0.0416,-0.0343,0.0081,0.0,0.0,0
RBRI11,Fundo de Desenvolvimento,915.0,48495.0,0.77,17.86,0.0,0.0,0.0,0.0,0.0,0.0,0.0,163028776.44,0.0,0.0,0.0,0.0,0.0,0.0,0.0,0.0,0
RBRL11,Imóveis Industriais e Logísticos,91.41,581318.97,0.87,0.65,0.0068,0.0911,0.0076,0.0545,0.0071,0.0139,0.2399,706643408.43,107.25,8.5,0.0061,-0.0001,0.006,0.0747,0.0,0.0,6
RBRM11,Fundo de Desenvolvimento,94794.81,0.0,3.45,2002.09,0.0,0.0,0.0,0.0,0.0,0.0,0.0,14830725.51,0.0,0.0,0.0,0.0,0.0,0.0,0.0,0.0,0
RBRP11,Lajes Corporativas,60.99,1262043.09,0.74,0.27,0.0043,0.0675,0.0056,0.0368,-0.0166,-0.0124,0.3429,999718628.52,81.76,7.5,0.0033,-0.0163,-0.0131,0.0368,0.0,0.0,10
RBRR11,Papéis,90.41,4077594.3,0.94,0.7,0.0077,0.1167,0.0097,0.0727,0.0111,0.0189,0.1129,1295083503.17,95.15,9.5,0.0074,-0.0187,-0.0115,0.0312,0.0,0.0,0
RBRS11,Fundo de Desenvolvimento,54.99,39286.64,0.58,0.4,0.0071,0.0887,0.0074,0.0524,0.0419,0.0492,0.0975,163384443.16,94.15,5.8,0.0051,0.0505,0.0558,0.0552,0.0,0.0,2
RBRX11,Indefinido,93.41,667926.91,0.97,1.1,0.0116,0.1673,0.0139,0.0897,0.0001,0.0117,0.1436,180988468.62,0.0,0.0,0.0,0.0,0.0,0.0,0.0,0.0,0
RBRY11,Papéis,100.97,1443685.91,1.01,1.2,0.0118,0.1411,0.0118,0.0877,0.0127,0.0246,0.1422,554956265.0,99.3,10.2,0.0101,-0.0058,0.0042,0.0341,0.0,0.0,0
RBTS11,Fundo de Desenvolvimento,1121.0,22420.0,1.33,24.77,0.0,0.0,0.0,0.0,0.0,0.0,0.0,47742706.26,919.32,12.2,0.0513,-0.1641,-0.1213,-0.1221,0.0,0.0,0
RBVA11,Varejo,109.75,730904.24,1.01,1.0,0.0091,0.1244,0.0104,0.069,0.032,0.0414,0.2776,1256242711.16,103.19,10.6,0.0104,0.0012,0.0116,0.1123,0.0,0.0,77
RBVO11,Papéis,8.37,3105.24,0.47,0.02,0.0023,0.0205,0.0017,0.0101,0.0238,0.0261,-0.1764,9245780.78,17.37,4.8,0.0012,-0.0059,-0.0047,-0.2244,0.0,0.0,0
RCFF11,Fundo de Fundos,85.0,43597.0,0.91,1.23,0.0132,0.0419,0.0084,0.0132,0.0,0.0,0.0,30297230.19,94.05,9.0,0.0186,-0.0006,0.018,0.018,0.0,0.0,0
RCRB11,Lajes Corporativas,153.0,756342.64,0.74,0.76,0.0051,0.0696,0.0058,0.0416,0.0129,0.0181,0.306,767843976.07,209.58,7.3,0.0036,0.0632,0.0671,0.1057,0.0,0.0,9
RDPD11,Papéis,22.96,98337.21,1.0,0.78,0.0368,0.8513,0.0709,0.2813,-0.0502,-0.0152,-0.0849,24491609.92,33.95,6.8,0.0094,-0.3705,-0.3645,-0.3601,0.0,0.0,0
RECR11,Papéis,86.02,3646930.91,0.9,0.71,0.0081,0.1213,0.0101,0.0825,-0.0386,-0.0308,0.0787,2538515899.05,95.33,9.0,0.0077,-0.0,0.0077,0.1272,0.0,0.0,0
RECT11,Lajes Corporativas,50.5,465686.0,0.55,0.4,0.0077,0.1081,0.009,0.0651,-0.012,-0.0044,0.0202,790075186.65,95.24,5.3,0.0053,-0.0021,0.0031,0.0329,0.0,0.0,9
RECX11,Fundo de Fundos,68.11,8361.36,0.89,0.6,0.0088,0.1168,0.0097,0.0678,-0.0374,-0.0289,0.0437,16779178.33,78.36,8.7,0.0077,-0.038,-0.0306,-0.0568,0.0,0.0,0
REIT11,Papéis,194.99,489.43,0.65,9.59,0.0,0.0,0.0,0.0,0.0,0.0,0.0,7878787.25,0.0,0.0,0.0,0.0,0.0,0.0,0.0,0.0,0
RELG11,Imóveis Industriais e Logísticos,59.0,143727.55,0.48,0.7,0.0099,0.1221,0.0102,0.0197,-0.0119,-0.0021,-0.0143,164550477.91,118.54,5.0,0.0067,-0.0033,0.0034,0.0462,0.0,0.0,5
RFOF11,Fundo de Fundos,80.3,68071.64,0.96,0.75,0.0094,0.117,0.0098,0.0693,0.0469,0.0567,0.2229,90246354.5,80.55,10.0,0.0091,-0.0607,-0.0522,0.0108,0.0,0.0,0
RINV11,Indefinido,110.75,274670.33,1.01,1.35,0.0121,0.0669,0.0112,0.0669,0.0123,0.0245,0.2268,32841805.62,0.0,0.0,0.0,0.0,0.0,0.0,0.0,0.0,0
RMAI11,Lajes Corporativas,48.85,51331.32,0.49,0.26,0.0053,0.0655,0.0055,0.0379,0.0398,0.0453,-0.154,242445330.82,108.04,4.5,0.0024,-0.0005,0.0019,0.0215,0.0,0.0,2
RNDP11,Papéis,130.1,3640.88,0.72,10.25,0.0825,0.3328,0.0277,0.3143,0.0359,0.1214,0.0682,19344530.14,189.52,6.9,0.0041,-0.4099,-0.4075,-0.6957,0.0,0.0,0
RNGO11,Lajes Corporativas,47.17,66887.79,0.55,0.36,0.0073,0.1016,0.0085,0.0589,-0.0098,-0.0026,0.0761,231423039.83,87.68,5.4,0.0049,-0.0002,0.0047,0.0537,0.0,0.0,4
ROOF11,Fundo de Desenvolvimento,521.0,27414.0,0.88,41.72,0.0,0.0,0.0,0.0,0.0,0.0,0.0,45661527.65,0.0,0.0,0.0,0.0,0.0,0.0,0.0,0.0,79
RPRI11,Papéis,99.19,158444.09,0.97,1.0,0.0102,0.1507,0.0126,0.0875,0.0051,0.0154,0.1021,228456235.67,0.0,0.0,0.0,0.0,0.0,0.0,0.0,0.0,0
RRCI11,Papéis,84.1,35594.67,0.91,0.95,0.0112,0.1419,0.0118,0.0829,0.0083,0.0196,0.0486,44731027.28,94.44,8.9,0.0095,-0.0149,-0.0056,0.1078,0.0,0.0,0
RSPD11,Fundo de Desenvolvimento,1125.0,3375.0,0.97,8.72,0.0,0.0,0.0,0.0,0.0,0.0,0.0,173074979.58,1130.1,10.0,0.0098,-0.0108,-0.0011,-0.0011,0.0,0.0,0
RURA11,Misto,10.47,1676993.18,0.0,0.13,0.012,0.1393,0.0116,0.0791,0.0295,0.0419,0.1299,0.0,0.0,0.0,0.0,0.0,0.0,0.0,0.0,0.0,0
RVBI11,Fundo de Fundos,85.49,198047.76,0.99,0.75,0.0085,0.1172,0.0098,0.0687,0.0627,0.0717,0.2935,124486443.18,83.87,10.2,0.0089,-0.0288,-0.0201,0.0511,0.0,0.0,0
RZAG11,Indefinido,9.56,2754344.24,0.98,0.14,0.0143,0.1555,0.013,0.0921,0.0032,0.0175,0.09,647813930.73,9.52,10.0,0.0137,-0.004,0.0096,0.1355,0.0,0.0,0
RZAK11,Papéis,91.63,5428848.21,0.98,1.16,0.0124,0.1629,0.0136,0.0892,-0.0171,-0.0049,0.0433,820013230.2,92.64,9.9,0.0162,-0.0041,0.012,0.079,0.0,0.0,0
RZAT11,Imóveis Industriais e Logísticos,90.34,822419.94,0.9,0.75,0.0081,0.1224,0.0102,0.0852,-0.0476,-0.0399,0.1313,371547925.5,0.0,0.0,0.0,0.0,0.0,0.0,0.0,0.0,10
RZTR11,Misto,95.65,2071286.24,0.98,0.85,0.009,0.1241,0.0103,0.0673,0.0252,0.0344,0.0051,1074905610.79,97.31,9.8,0.0128,0.0,0.0129,0.1037,0.0,0.0,16
SADI11,Papéis,86.95,420242.15,0.91,1.0,0.0114,0.1401,0.0117,0.0823,0.0293,0.041,0.0357,147342238.32,99.2,8.8,0.0106,-0.0088,0.0017,0.0992,0.0,0.0,0
SARE11,Misto,58.24,1550154.27,0.62,0.5,0.0082,0.1126,0.0094,0.0688,-0.06,-0.0523,-0.0408,872840322.36,94.59,6.2,0.0068,-0.0324,-0.0259,0.0242,0.0,0.0,3
SCPF11,Shoppings,5.05,3733.0,0.43,0.02,0.0043,0.053,0.0044,0.0321,-0.0078,-0.0035,-0.0634,49192491.18,12.61,4.0,0.0014,0.0029,0.0043,0.0255,0.0,0.0,1
SDIL11,Imóveis Industriais e Logísticos,96.5,1030917.86,1.02,0.75,0.0076,0.1027,0.0086,0.0612,0.0204,0.0282,0.1051,613157980.81,98.33,9.8,0.0083,-0.0022,0.0061,0.0986,0.0,0.0,5
SEED11,Indefinido,98.99,581315.75,1.1,0.48,0.0048,0.0164,0.0014,0.0164,0.0,0.0,0.0,147613837.28,0.0,0.0,0.0,0.0,0.0,0.0,0.0,0.0,0
SEQR11,Misto,67.1,149137.91,0.72,0.71,0.0105,0.1302,0.0109,0.0787,0.0602,0.0713,0.1913,150043628.14,96.27,7.0,0.007,0.0022,0.0093,0.0792,0.0,0.0,4
SHOP11,Shoppings,68.0,192.67,1.43,6.75,0.0,0.0,0.0,0.0,0.0,0.0,0.0,70381684.0,0.0,0.0,0.0,0.0,0.0,0.0,0.0,0.0,1
SHPH11,Shoppings,780.0,101231.45,0.87,4.2,0.0053,0.0617,0.0051,0.0435,0.0513,0.0569,0.133,542990118.05,889.27,8.8,0.003,0.0002,0.0033,0.0396,0.0,0.0,1
SHSO11,Indefinido,0.0,0.0,0.0,1.01,0.0,0.0,0.0,0.0,0.0,0.0,0.0,19967685.15,0.0,0.0,0.0,0.0,0.0,0.0,0.0,0.0,0
SIGR11,Indefinido,100.0,200.0,0.99,1.44,0.0,0.0,0.0,0.0,0.0,0.0,0.0,39381108.57,0.0,0.0,0.0,0.0,0.0,0.0,0.0,0.0,0
SNAG11,Papéis,10.18,1793227.67,0.1,0.12,0.0117,0.1331,0.0121,0.08,0.0178,0.0297,0.0966,302149553.51,100.72,1.0,0.0119,-0.0055,0.0064,0.0393,0.0,0.0,0
SNCI11,Papéis,99.73,637486.18,1.01,1.0,0.0099,0.1258,0.0105,0.0745,0.0049,0.0148,0.1001,416033824.15,97.83,10.2,0.0112,0.0044,0.0157,0.1162,0.0,0.0,0
SNFF11,Fundo de Fundos,90.16,572322.45,0.97,0.65,0.0072,0.0977,0.0081,0.0524,0.0239,0.0313,0.0787,263994969.62,88.83,10.1,0.0146,-0.0482,-0.0343,0.0112,0.0,0.0,0
SNID11,Fundo de Desenvolvimento,99.99,173690.03,0.0,1.15,0.0113,0.0678,0.0075,0.0678,-0.0024,0.0089,0.0511,0.0,0.0,0.0,0.0,0.0,0.0,0.0,0.0,0.0,0
SNLG11,Imóveis Industriais e Logísticos,33.87,67412.94,0.53,0.35,0.0099,0.1152,0.0096,0.0185,-0.1269,-0.1183,-0.1427,119765997.95,0.0,0.0,0.0,0.0,0.0,0.0,0.0,0.0,2
SOLR11,Imóveis Comerciais - Outros,1128.06,1058.5,1.19,4.77,0.0,0.0,0.0,0.0,0.0,0.0,0.0,59381364.74,0.0,0.0,0.0,0.0,0.0,0.0,0.0,0.0,1
SPTW11,Lajes Corporativas,41.71,91114.45,0.75,0.42,0.0098,0.121,0.0101,0.0727,-0.0044,0.0053,0.128,100642345.35,53.18,7.8,0.0079,0.0009,0.0088,0.0873,0.0,0.0,1
SPVJ11,Shoppings,0.0,0.0,0.0,0.67,0.0,0.0,0.0,0.0,0.0,0.0,0.0,734756328.76,116.76,0.0,0.0057,0.0008,0.0066,0.1602,0.0,0.0,14
SPXS11,Indefinido,95.81,559628.18,0.99,1.22,0.0126,0.1156,0.0105,0.0853,0.0211,0.0339,0.154,120425898.3,0.0,0.0,0.0,0.0,0.0,0.0,0.0,0.0,0
SRVD11,Indefinido,5.84,119.11,584.0,0.2,0.0229,0.033,0.0165,0.033,-0.0979,-0.0773,-0.0773,573440.85,1.19,49.3,0.1687,-0.0011,0.1674,0.2564,0.0,0.0,0
STRX11,Fundo de Desenvolvimento,8.52,0.0,0.05,0.7,0.0,0.0,0.0,0.0,0.0,0.0,0.0,264553676.32,140.86,0.6,0.005,0.0001,0.0051,0.0595,0.0,0.0,3
TCPF11,Misto,1.26,0.0,0.01,1.52,0.0,0.0,0.0,0.0,0.0,0.0,0.0,37245835.78,0.0,0.0,0.0,0.0,0.0,0.0,0.0,0.0,0
TEPP11,Lajes Corporativas,90.0,1156742.64,0.95,0.58,0.0066,0.0841,0.007,0.052,0.0063,0.0129,0.3901,401241306.21,90.23,10.0,0.0055,-0.0009,0.0046,0.0465,0.0,0.0,5
TGAR11,Fundo de Desenvolvimento,122.55,4367996.61,1.03,1.4,0.0114,0.1407,0.0117,0.0802,0.0094,0.021,0.0906,1647016644.13,114.63,10.7,0.0131,-0.02,-0.0072,-0.0098,0.0,0.0,8
TJKB11,Indefinido,264.78,866.75,0.99,2.63,0.0,0.0093,0.0008,0.0093,0.0,0.0,0.0,202746905.04,0.0,0.0,0.0,0.0,0.0,0.0,0.0,0.0,7
TMPS11,Fundo de Fundos,104.04,79045.85,0.96,0.65,0.0061,0.0186,0.0186,0.0186,0.0263,0.0326,0.0326,105588835.12,0.0,0.0,0.0,0.0,0.0,0.0,0.0,0.0,0
TORD11,Misto,2.72,312171.36,0.22,0.05,0.009,0.1146,0.0096,0.009,-0.2453,-0.2385,-0.2385,435804566.37,14.09,1.9,0.0057,-0.0045,0.0012,0.1289,0.0,0.0,1
TRNT11,Lajes Corporativas,122.01,62407.65,0.62,0.42,0.0,0.0281,0.0023,0.0161,0.0,0.0,0.0,773826565.24,202.57,6.0,0.0026,0.0001,0.0027,0.014,0.0,0.0,1
TRXB11,Fundo de Desenvolvimento,132.35,287.29,1.17,0.92,0.0,0.0677,0.0056,0.0446,0.0,0.0,0.0,323111400.58,0.0,0.0,0.0,0.0,0.0,0.0,0.0,0.0,12
TRXF11,Imóveis Comerciais - Outros,112.4,4469477.61,1.07,0.9,0.008,0.0993,0.0083,0.0569,0.0214,0.0295,0.1358,1260068389.62,101.04,11.1,0.0084,0.0023,0.0107,0.0994,0.0,0.0,34
TSER11,Lajes Corporativas,115.14,887.75,1.15,0.92,0.0,0.036,0.003,0.0277,0.0,0.0,0.0,129147505.71,0.0,0.0,0.0,0.0,0.0,0.0,0.0,0.0,1
URPR11,Papéis,97.46,2131711.79,0.97,1.13,0.0112,0.1548,0.0129,0.0924,0.0261,0.0376,0.0921,1169227865.13,99.33,9.8,0.0112,-0.0174,-0.0064,0.2293,0.0,0.0,0
VCJR11,Papéis,89.8,2266458.0,0.93,0.7,0.0077,0.109,0.0091,0.0812,0.0084,0.0161,0.0952,1418020810.14,94.13,9.5,0.0046,-0.0154,-0.0109,0.1145,0.0,0.0,0
VCRA11,Indefinido,95.39,528900.3,0.98,1.19,0.0123,0.1552,0.0129,0.0875,-0.0091,0.0031,-0.0083,471373746.6,102.61,9.3,0.0116,0.0022,0.0138,0.0287,0.0,0.0,0
VCRI11,Papéis,8.66,306790.3,0.9,0.1,0.0114,0.1569,0.0131,0.0904,0.0057,0.0172,0.0566,171280699.73,9.57,9.1,0.0125,-0.0133,-0.0009,0.0169,0.0,0.0,0
VCRR11,Imóveis Residenciais,77.36,193766.03,0.6,0.69,0.0085,0.1074,0.009,0.0639,-0.0343,-0.0261,0.1802,256768437.0,120.03,6.4,0.0056,0.0006,0.0062,0.0667,0.0,0.0,0
VGHF11,Misto,9.55,2435225.88,1.01,0.12,0.0124,0.1339,0.0112,0.0827,0.0115,0.024,0.1192,687333452.58,9.22,10.4,0.0108,-0.017,-0.0064,0.1247,0.0,0.0,0
VGIA11,Indefinido,9.53,4643363.48,1.0,0.13,0.0134,0.1738,0.0145,0.0992,0.0179,0.0315,0.0629,821089744.86,9.5,10.0,0.0137,-0.003,0.0106,0.0929,0.0,0.0,0
VGIP11,Papéis,91.5,2172873.85,0.98,0.85,0.0092,0.1164,0.0097,0.0805,0.0038,0.0131,0.1665,1100809866.36,90.67,10.1,0.005,-0.0178,-0.0129,0.08,0.0,0.0,0
VGIR11,Papéis,9.8,5057564.24,1.02,0.12,0.0122,0.1529,0.0127,0.0896,0.0124,0.0247,0.0953,995817375.7,9.62,10.2,0.0135,-0.002,0.0115,-0.8914,0.0,0.0,0
VIDS11,Fundo de Desenvolvimento,0.0,0.0,0.0,129.27,0.0,0.0,0.0,0.0,0.0,0.0,0.0,75315617.83,0.0,0.0,0.0,0.0,0.0,0.0,0.0,0.0,0
VIFI11,Fundo de Fundos,8.59,187240.06,0.91,0.07,0.0084,0.1053,0.0088,0.0639,0.0359,0.0446,0.2761,76210842.33,8.89,9.7,0.0068,-0.0514,-0.045,-0.6951,0.0,0.0,0
VILG11,Imóveis Industriais e Logísticos,110.5,2439247.85,0.99,0.7,0.0064,0.0816,0.0068,0.0476,-0.0092,-0.0028,0.154,1679078750.87,113.68,9.7,0.0063,-0.0028,0.0035,0.0685,0.0,0.0,15
VINO11,Lajes Corporativas,9.25,970907.15,0.17,0.06,0.0066,0.0842,0.007,0.0498,-0.0032,0.0034,0.0332,900167469.92,53.9,1.7,0.0063,-0.0044,0.0019,0.0417,0.0,0.0,10
VISC11,Shoppings,118.46,3992864.82,1.03,0.85,0.0071,0.087,0.0073,0.0522,-0.0008,0.0063,0.1861,2142723763.82,114.93,10.3,0.0066,-0.0004,0.0062,0.0592,0.0,0.0,20
VIUR11,Misto,8.56,394871.61,0.94,0.07,0.0085,0.1141,0.0095,0.069,0.0119,0.0205,0.1468,244360149.32,9.51,9.0,0.0076,-0.0012,0.0064,-0.8931,0.0,0.0,8
VJFD11,Papéis,0.0,0.0,0.0,0.74,0.0,0.0,0.0,0.0,0.0,0.0,0.0,664479247.69,132.84,0.0,0.0077,0.0003,0.008,0.0243,0.0,0.0,39
VLIQ11,Indefinido,0.0,0.0,0.0,5.04,0.0,0.0,0.0,0.0,0.0,0.0,0.0,0.0,0.0,0.0,0.0,0.0,0.0,0.0,0.0,0.0,0
VLOL11,Lajes Corporativas,98.0,160238.13,0.88,16.3,0.0,0.0,0.0,0.0,0.0,0.0,0.0,198219080.15,103.62,9.5,0.0059,-0.0002,0.0057,0.0531,0.0,0.0,1
VOTS11,Papéis,85.12,7272.27,0.91,0.7,0.008,0.1403,0.0117,0.0986,-0.0084,-0.0005,0.1608,77851965.3,93.54,9.1,0.0092,-0.0144,-0.0053,0.08,0.0,0.0,0
VRTA11,Papéis,91.93,1842569.48,0.98,0.7,0.0075,0.125,0.0104,0.0726,0.0124,0.02,0.1251,1460771267.12,91.92,10.0,0.0098,-0.0234,-0.0139,0.0887,0.0,0.0,0
VSEC11,Papéis,0.21,2.5,0.05,0.08,0.0,1.3842,0.1154,1.38,0.0,0.0,0.0,282954.59,0.0,0.0,0.0,0.0,0.0,0.0,0.0,0.0,0
VSHO11,Shoppings,79.5,143990.73,0.78,0.72,0.0091,0.1085,0.009,0.07,0.0079,0.0171,0.2401,212838822.52,98.91,8.0,0.0069,0.0013,0.0082,0.0357,0.0,0.0,3
VSLH11,Papéis,3.96,313725.33,0.39,0.03,0.0074,0.1099,0.0092,0.0533,-0.1867,-0.1807,-0.5302,301419637.16,10.47,3.8,0.0105,-0.0053,0.0051,0.1915,0.0,0.0,0
VTLT11,Imóveis Industriais e Logísticos,96.7,207132.55,0.96,0.88,0.0088,0.1093,0.0091,0.0661,-0.0028,0.006,0.1388,213846188.19,102.98,9.4,0.0081,0.0005,0.0086,0.0891,0.0,0.0,1
VTPL11,Papéis,0.0,0.0,0.0,5.11,0.0,0.0,0.0,0.0,0.0,0.0,0.0,106779533.28,0.0,0.0,0.0,0.0,0.0,0.0,0.0,0.0,1
VVCO11,Lajes Corporativas,13.02,128067.76,0.92,11.16,0.6287,0.6287,0.6287,0.6287,0.0,0.0,0.0,71035155.34,0.0,0.0,0.0,0.0,0.0,0.0,0.0,0.0,1
VVPR11,Misto,101.5,1249061.55,1.04,0.89,0.0089,0.0972,0.0081,0.0665,0.004,0.013,0.1502,226032234.18,103.41,9.8,0.0074,0.0002,0.0076,0.0153,0.0,0.0,6
VVRI11,Indefinido,100.25,11048.71,1.04,1.5,0.015,0.0448,0.0149,0.0448,-0.0118,0.0031,0.0301,38453843.56,0.0,0.0,0.0,0.0,0.0,0.0,0.0,0.0,1
VXXV11,Fundo de Desenvolvimento,1030.0,8324116.67,0.97,10.76,0.0,0.0,0.0,0.0,0.0,0.0,0.0,281979413.59,0.0,0.0,0.0,0.0,0.0,0.0,0.0,0.0,2
WPLZ11,Shoppings,69.14,11162.97,0.79,0.43,0.0054,0.0809,0.0067,0.0468,0.25,0.2568,0.0367,89521758.66,102.99,6.7,0.0058,0.0006,0.0064,0.0468,0.0,0.0,1
WTSP11B,Misto,36.8,3052.43,0.51,0.2,0.0054,0.0752,0.0063,0.0301,0.0449,0.0505,-0.0672,72060703.05,78.92,4.7,0.004,0.0069,0.0109,0.0511,0.0,0.0,2
XPCA11,Indefinido,9.4,1765885.88,1.04,0.12,0.0129,0.1566,0.0131,0.09,-0.0231,-0.0105,0.0583,317410269.39,9.49,9.9,0.0137,-0.0001,0.0136,0.14,0.0,0.0,0
XPCI11,Papéis,87.09,2384837.79,0.92,1.0,0.0115,0.1235,0.0103,0.08,-0.0126,-0.0013,0.1574,825747460.62,93.63,9.3,0.0064,-0.0197,-0.0134,0.1011,0.0,0.0,0
XPCM11,Lajes Corporativas,12.51,44021.3,0.3,0.07,0.0052,0.0965,0.008,0.0455,-0.0316,-0.0265,-0.0149,101533554.8,51.53,2.4,0.0033,-0.0077,-0.0045,-0.0297,0.0,0.0,1
XPHT11,Hotéis,123.0,230869.59,1.24,127.7,0.0,0.0,0.0,0.0,0.0,0.0,0.0,375923751.45,94.19,13.1,0.0159,-0.0008,0.0151,0.0674,0.0,0.0,12
XPID11,Fundo de Desenvolvimento,87.6,638377.97,0.0,0.75,0.0085,0.0866,0.0072,0.0918,-0.0421,-0.034,0.1065,0.0,0.0,0.0,0.0,0.0,0.0,0.0,0.0,0.0,0
XPIN11,Imóveis Industriais e Logísticos,83.38,445513.45,0.82,0.65,0.0078,0.1009,0.0084,0.0597,-0.0005,0.0073,0.1932,730158376.54,103.81,8.0,0.0063,-0.0137,-0.0075,0.0075,0.0,0.0,98
XPLG11,Imóveis Industriais e Logísticos,114.45,3165692.97,1.01,0.78,0.0068,0.087,0.0073,0.052,0.0018,0.0086,0.2159,3064092496.84,114.49,10.0,0.0065,0.0019,0.0084,0.1147,0.0,0.0,19
XPML11,Shoppings,109.94,8712985.0,1.12,0.83,0.008,0.0932,0.0078,0.0476,-0.0005,0.0075,0.1064,2472953622.74,101.27,10.9,0.0076,-0.0066,0.001,0.0656,0.0,0.0,12
XPPR11,Lajes Corporativas,22.07,306881.82,0.31,0.1,0.0045,0.0711,0.0059,0.0338,-0.0261,-0.0217,-0.2818,516356911.54,74.77,3.0,0.004,0.0005,0.0045,-0.0365,0.0,0.0,5
XPSF11,Fundo de Fundos,8.65,733282.7,0.99,0.08,0.0089,0.1217,0.0101,0.0719,0.0487,0.058,0.1872,378160463.54,8.54,10.1,0.009,-0.0404,-0.0318,-0.894,0.0,0.0,0
XTED11,Lajes Corporativas,8.82,17641.88,0.68,11.16,0.0,0.0,0.0,0.0,0.0,0.0,0.0,67378204.04,28.02,3.1,0.0,-0.0036,-0.0036,-0.0345,0.0,0.0,1
YUFI11,Fundo de Desenvolvimento,94.99,184.0,0.93,0.3,0.0037,0.0109,0.001,0.0109,-0.1997,-0.1968,-0.2327,50098006.9,0.0,0.0,0.0,0.0,0.0,0.0,0.0,0.0,31
YUFI11B,Indefinido,0.0,0.0,0.0,0.63,0.0,0.0,0.0,0.0,0.0,0.0,0.0,0.0,105.53,0.0,0.006,-0.0001,0.0059,0.0632,0.0,0.0,0
ZAVI11,Indefinido,127.73,249992.88,0.93,1.12,0.0088,0.0788,0.0088,0.0603,0.0062,0.015,0.0411,127018551.3,0.0,0.0,0.0,0.0,0.0,0.0,0.0,0.0,8
ZIFI11,Fundo de Desenvolvimento,998.97,3612.5,0.83,3.31,0.0,0.0,0.0,0.0,0.0,0.0,0.0,57307512.13,0.0,0.0,0.0,0.0,0.0,0.0,0.0,0.0,0
